Date,Open,High,Low,Close,Volume
1949-05-31,121.14,176.52,121.14,176.52
1949-06-30,175.97,175.98,146.14,146.92
1949-07-29,147.37,150,134.8,144.86
1949-08-31,109.91,176.52,109.91,175.18
1949-09-30,176.89,176.89,160.41,163.29
1949-10-31,162.95,162.95,131.09,141.54
1949-11-30,138.86,140.67,118.4,122.84
1949-12-30,176.52,176.52,98.5,109.91
1950-01-31,108.56,108.56,92.54,92.54
1950-02-28,92.56,113.4,92.56,107.44
1950-03-31,108.19,108.19,97.61,97.61
1950-04-28,109.91,114.55,88.7,99.31
1950-05-31,103.78,103.78,93.61,94.22
1950-06-30,94.22,94.68,86.17,86.17
1950-07-31,86.19,109.34,85.25,97.59
1950-08-31,114.55,114.99,86.17,114.55
1950-09-29,113.46,113.46,103.58,104.98
1950-10-31,103.52,107.44,103.52,106.16
1950-11-30,108.55,112.93,108.55,109.75
1950-12-29,86.17,109.45,86.17,101.91
1951-01-31,102.1,115.43,102.1,115.43
1951-02-28,115,122.09,115,121.84
1951-03-30,122.71,132.97,122.71,124.53
1951-04-30,101.91,124.87,101.91,120.82
1951-05-31,121.11,127.23,121.11,127.23
1951-06-29,127.32,136.42,127.32,130.49
1951-07-31,126.22,135.89,124.48,135.89
1951-08-31,115.43,166.06,115.43,145.3
1951-09-28,145.93,154.27,143.61,154.27
1951-10-31,154.07,170.32,154.07,165.09
1951-11-30,165.17,165.17,153.59,157.35
1951-12-31,166.06,166.06,157.06,166.06
1952-01-31,167.8,188.96,167.8,188.96
1952-02-29,190.77,193.29,180.3,181.4
1952-03-31,182.15,188.5,175.01,175.51
1952-04-30,175.99,206.2,175.99,202.72
1952-05-30,204.41,225.38,204.41,225.38
1952-06-30,228.41,246.15,224,246.15
1952-07-31,249.86,263.04,238.8,253.21
1952-08-29,253.74,264.71,250.48,254.72
1952-09-30,254.38,268.9,254.38,268.9
1952-10-31,271.49,321.39,270.33,313.23
1952-11-28,318.29,353.58,318.29,351.1
1952-12-31,348.95,370.55,340.33,362.64
1953-01-30,364.89,456.43,364.89,456.43
1953-02-27,455.97,474.43,392.1,392.1
1953-03-31,393.14,393.14,307.05,307.05
1953-04-30,295.18,355.03,295.18,339.37
1953-05-29,345.29,366.69,331.13,331.13
1953-06-30,329.34,354.32,321.79,346.27
1953-07-31,347.76,386.13,345.21,386.13
1953-08-31,392.36,416.05,390.44,409.47
1953-09-30,406.94,450.87,406.94,450.87
1953-10-30,448.75,449.01,421.12,434.79
1953-11-30,440.19,440.19,407.44,423.06
1953-12-31,420.91,421.74,377.95,377.95
1954-01-29,362.88,377.27,350.04,352.66
1954-02-26,354.5,369.38,352.51,352.51
1954-03-31,349.65,351.31,314.08,322.99
1954-04-30,322.69,351.67,316.22,345.63
1954-05-31,344.78,344.78,320.84,325.82
1954-06-30,326.39,348.09,322.75,348.09
1954-07-30,352.86,352.86,329.22,331.93
1954-08-31,330.81,347.39,329.44,345.02
1954-09-30,351.27,358.7,347.4,351.33
1954-10-29,350.74,351.79,328.19,328.19
1954-11-30,330.05,332.89,315.61,326.85
1954-12-31,326.12,356.09,323.86,356.09
1955-01-31,361.1,378.76,361.1,369.45
1955-02-28,371.61,380.46,366.99,366.99
1955-03-31,362.6,362.6,346.08,351.5
1955-04-29,352.31,355.93,345.89,345.98
1955-05-31,345.96,352.51,345.96,349.93
1955-06-30,353.19,361.2,348.05,352.47
1955-07-29,352.14,366.9,351.25,366.9
1955-08-31,365.67,387.24,365.67,387.12
1955-09-30,387.46,392.01,379.14,388.42
1955-10-31,387.35,410.29,385.57,409.17
1955-11-30,410.36,410.36,393.28,393.28
1955-12-30,398.11,425.69,398.11,425.69
1956-01-31,428.59,431.6,420.14,423.46
1956-02-29,425.84,439.39,422.5,439.39
1956-03-30,441.78,458.58,440.17,458.58
1956-04-30,462.41,482.71,458.74,473.34
1956-05-31,476.03,490.02,472.1,488.43
1956-06-29,491.03,512.25,491.03,499.17
1956-07-31,482.87,502.92,482.87,500.34
1956-08-31,501.43,507.31,493.69,493.69
1956-09-28,492.92,492.92,482.7,491.71
1956-10-31,492.54,508.98,487.15,508.16
1956-11-30,514.1,556.58,512.94,556.58
1956-12-31,559.4,566.3,538.9,549.14
1957-01-31,549.45,586.01,549.45,567.78
1957-02-28,568.97,587.88,562.13,571.64
1957-03-29,569.75,587,560.27,587
1957-04-30,590.6,594.81,581.03,589.69
1957-05-31,589.97,595.46,512.63,520.44
1957-06-28,522.2,532.72,517.01,521.6
1957-07-31,515.86,515.86,472.43,486.16
1957-08-30,488.57,530.54,488.57,530.37
1957-09-30,526.52,539.57,523.13,529.35
1957-10-31,534.39,539.59,506.03,510.81
1957-11-29,515.4,517.38,489.7,492
1957-12-31,494.01,503.03,471.53,474.55
1958-01-31,475.2,524.25,475.2,522.7
1958-02-28,524.11,534.58,522.08,528.16
1958-03-31,530.18,539.31,516.64,529.98
1958-04-30,529.73,558.31,529.73,556.57
1958-05-30,561.05,567.08,555.27,563.46
1958-06-30,565.14,584.92,565.14,584.42
1958-07-31,586.56,586.56,562.79,571.6
1958-08-29,573.71,594.75,572.72,592.57
1958-09-30,588.06,593.7,577.92,586.2
1958-10-31,588.63,612.7,588.63,607.72
1958-11-28,612.79,632.8,612.79,629.04
1958-12-31,629.77,666.54,629.77,666.54
1959-01-30,671.28,692.12,664.69,692.12
1959-02-27,692.2,721.06,689.97,721.06
1959-03-31,727.81,764.85,721.15,764.85
1959-04-30,763.6,773.39,737.56,745.68
1959-05-29,749.94,803.08,749.94,803.08
1959-06-30,802.13,821.38,785.01,810.07
1959-07-31,811.43,854.91,811.43,854.91
1959-08-31,859.51,881.53,845.95,881.53
1959-09-30,891.45,902.48,881.9,902.48
1959-10-30,902.2,955.64,896.74,955.64
1959-11-30,953.14,976.93,920.39,976.93
1959-12-31,973.65,973.65,854.45,874.88
1960-01-29,869.34,962.55,869.34,957.13
1960-02-29,962.7,1015.06,958.98,1015.06
1960-03-31,1025.02,1060.47,1006.06,1059.49
1960-04-29,1062.25,1094.73,1052.23,1091.21
1960-05-31,1101.95,1109.47,988.47,988.47
1960-06-30,971.93,1089.63,967.22,1089.63
1960-07-29,1092.16,1121.1,1091.08,1097.09
1960-08-31,1097.29,1175.75,1097.29,1175.75
1960-09-30,1178.43,1226.47,1173.67,1226.47
1960-10-31,1230.34,1263.37,1219.85,1250.06
1960-11-30,1262.05,1321.44,1262.05,1287.17
1960-12-30,1309.65,1356.71,1277.17,1356.71
1961-01-31,1366.74,1501.5,1366.74,1493.85
1961-02-28,1514.8,1587.67,1514.8,1524.53
1961-03-31,1536.83,1587.1,1480.79,1587.1
1961-04-28,1590.5,1673.99,1588.7,1645.55
1961-05-31,1646.95,1703.36,1637.44,1679.33
1961-06-30,1648.86,1737.05,1579.73,1737.05
1961-07-31,1742.14,1829.74,1742.14,1745.26
1961-08-31,1752.79,1763.89,1602.37,1602.37
1961-09-29,1615.49,1621.21,1482.02,1526.03
1961-10-31,1486.52,1486.52,1299.76,1329.51
1961-11-30,1360.15,1428.83,1303.15,1325.78
1961-12-29,1333.96,1432.6,1258,1432.6
1962-01-31,1425.3,1511.53,1403.07,1511.14
1962-02-28,1518.04,1589.76,1480.28,1502.88
1962-03-30,1479.83,1514.93,1436.01,1449.78
1962-04-30,1420.36,1425.34,1342.3,1378.42
1962-05-31,1369.02,1445.89,1362.3,1367.08
1962-06-29,1384.5,1450.25,1384.5,1450.25
1962-07-31,1462.22,1487.2,1407.19,1410.4
1962-08-31,1412.11,1432.29,1382.87,1416.97
1962-09-28,1412.07,1412.07,1289.61,1289.61
1962-10-31,1261.79,1327.77,1216.04,1259.52
1962-11-30,1286.09,1454.71,1286.09,1441.82
1962-12-31,1443.41,1457.11,1411.32,1420.43
1963-01-31,1418.25,1475.25,1391.22,1458.47
1963-02-28,1464.7,1510.96,1464.7,1500.51
1963-03-29,1508.18,1614.13,1508.18,1614.13
1963-04-30,1624.17,1634.37,1563.64,1592.57
1963-05-31,1592.99,1608.16,1527.74,1554.75
1963-06-28,1560.15,1570.58,1528.52,1570.58
1963-07-31,1596.55,1598.69,1352.73,1386.98
1963-08-30,1370.76,1413.67,1314.01,1349.22
1963-09-30,1344.36,1402.27,1295.81,1301.68
1963-10-31,1316.79,1387.36,1316.79,1358.6
1963-11-29,1334.57,1352.82,1245.23,1278.23
1963-12-31,1257.3,1261.92,1200.64,1225.1
1964-01-31,1204.4,1338.18,1204.4,1326.96
1964-02-28,1329.71,1329.71,1257.26,1257.26
1964-03-31,1253.9,1278.56,1204.63,1222.17
1964-04-30,1233.92,1235.95,1203.21,1232.24
1964-05-29,1238.38,1322.26,1238.38,1318.81
1964-06-30,1319.34,1359.31,1295.69,1359.31
1964-07-31,1352.97,1369,1306.72,1309.21
1964-08-31,1313.09,1313.09,1262.19,1276.11
1964-09-30,1293.92,1299.96,1210.34,1217.23
1964-10-30,1223.64,1231.07,1203.14,1212.56
1964-11-30,1207.62,1224.55,1202.69,1209.31
1964-12-31,1209.09,1234.65,1205.98,1216.55
1965-01-29,1227.11,1289.98,1227.11,1240.86
1965-02-26,1242.83,1263.59,1212.88,1212.88
1965-03-31,1206.48,1213.03,1118.79,1132.77
1965-04-30,1127.58,1183.12,1115.07,1176.64
1965-05-31,1177.33,1177.33,1081.51,1096.62
1965-06-30,1092.85,1131.32,1055.6,1060.11
1965-07-30,1064.59,1105.54,1020.49,1105.54
1965-08-31,1120.59,1255.58,1111.69,1255.58
1965-09-30,1249.72,1277.15,1223.74,1223.74
1965-10-29,1210.11,1258.34,1191.89,1257.31
1965-11-30,1268,1373.16,1262.8,1373.16
1965-12-31,1377.67,1417.83,1315.26,1417.83
1966-01-31,1430.13,1470.41,1410.43,1470.38
1966-02-28,1485.24,1507.41,1442.02,1507.41
1966-03-31,1520.71,1584.28,1512.19,1584.28
1966-04-29,1588.73,1588.73,1486.93,1557.97
1966-05-31,1565.55,1582.73,1512.63,1514.15
1966-06-30,1490.85,1545.77,1490.85,1494.9
1966-07-29,1509.16,1532.66,1434.68,1502.13
1966-08-31,1495.88,1497.35,1450.61,1463.04
1966-09-30,1472.86,1472.86,1416.55,1465.43
1966-10-31,1471.61,1471.61,1408.08,1441.02
1966-11-30,1431.92,1445.08,1390.21,1390.21
1966-12-30,1392.07,1452.1,1364.34,1452.1
1967-01-31,1441.35,1463.11,1410.31,1463.11
1967-02-28,1463.64,1499.09,1446.66,1494.82
1967-03-31,1506.27,1506.27,1438,1455.58
1967-04-28,1445.91,1445.91,1418.02,1437.24
1967-05-31,1441.12,1505.94,1441.12,1505.94
1967-06-30,1502.78,1502.78,1468.5,1494.18
1967-07-31,1495.26,1495.26,1473.21,1476.33
1967-08-31,1461.73,1461.73,1321.54,1342.68
1967-09-29,1352.54,1373.83,1317.81,1318.77
1967-10-31,1312.28,1385.61,1312.28,1376.05
1967-11-30,1378.07,1378.07,1265.24,1277.27
1967-12-29,1284.88,1294.93,1250.14,1283.47
1968-01-31,1266.27,1322.99,1266.27,1312.2
1968-02-29,1311.71,1352.03,1311.71,1349.77
1968-03-29,1355.49,1377.58,1318.01,1377.58
1968-04-30,1367.36,1456.07,1367.36,1456.07
1968-05-31,1464.76,1500.41,1452.32,1462.34
1968-06-28,1466.4,1544.7,1466.4,1544.7
1968-07-31,1548.9,1602.97,1540.42,1602.97
1968-08-30,1601.58,1703.91,1598.38,1703.91
1968-09-30,1717.6,1839.81,1705.15,1839.81
1968-10-31,1835.12,1851.49,1700.48,1745.29
1968-11-29,1741.92,1741.92,1658.45,1726.09
1968-12-31,1743.21,1743.21,1686.64,1714.89
1969-01-31,1733.64,1833.29,1733.64,1830.26
1969-02-28,1831.72,1852.38,1758.54,1758.54
1969-03-31,1770.62,1841.02,1748.88,1841.02
1969-04-30,1827.44,1904.94,1827.44,1904.94
1969-05-30,1911.54,2002.46,1906.44,2002.46
1969-06-30,2007.61,2029.59,1866.65,1984.61
1969-07-31,1969.67,1998,1842.57,1865.59
1969-08-29,1879.41,1923.19,1844.03,1915.68
1969-09-30,1951.54,2016.85,1951.54,2016.15
1969-10-31,2036.8,2150.1,2022.7,2130.3
1969-11-28,2122.53,2230.58,2096.9,2211.9
1969-12-31,2251.37,2358.96,2170.15,2358.96
1970-01-30,2402.8,2406.2,2283.7,2296.4
1970-02-27,2310.4,2385.1,2293.9,2380.3
1970-03-31,2399.8,2523.8,2396.6,2523.8
1970-04-30,2521.4,2534.4,2114.3,2114.3
1970-05-29,2125.6,2209.6,1929.6,2026.1
1970-06-30,2082.3,2149.3,2029.4,2138.1
1970-07-31,2148.8,2159.1,2067.8,2159.1
1970-08-31,2164.8,2169.8,2122.8,2132.2
1970-09-30,2130.5,2177,2020.9,2065.4
1970-10-30,2061.6,2133,2061.6,2114.2
1970-11-30,2138.3,2148,1990.5,1990.5
1970-12-31,2027.3,2027.3,1963.4,1987.1
1971-01-29,2001.3,2109.2,1981.7,2100.9
1971-02-26,2104.8,2232.4,2104.8,2232.4
1971-03-31,2256,2404.6,2246.6,2403.3
1971-04-30,2414,2468.2,2373.4,2468.2
1971-05-31,2489.4,2489.4,2365.9,2432.7
1971-06-30,2455.9,2637.3,2455.9,2637.3
1971-07-30,2651,2692.6,2571.3,2661.6
1971-08-31,2640.6,2727.8,2162.8,2297
1971-09-30,2348,2428.2,2321.8,2428.2
1971-10-29,2429.3,2429.3,2227.3,2278.4
1971-11-30,2279,2450.7,2228.8,2442.7
1971-12-31,2455.8,2713.7,2441.6,2713.7
1972-01-31,2712.3,2862.4,2712.3,2856.5
1972-02-29,2852.3,3027.5,2852.3,3022
1972-03-31,3011.3,3146.1,2976.1,3146.1
1972-04-28,3194.2,3339.1,3165.3,3339.1
1972-05-31,3353.3,3636.8,3342.9,3636.8
1972-06-30,3626.9,3722.6,3548.9,3710.7
1972-07-31,3751.3,3938.4,3645.4,3938.4
1972-08-31,3951.6,4066.8,3870.3,4066.8
1972-09-29,4090.4,4320.6,4090.4,4320.6
1972-10-31,4393.6,4538,4324.8,4538
1972-11-30,4541.8,4879.2,4540.1,4868.9
1972-12-29,4781.4,5194.4,4781.4,5194.4
1973-01-31,5252.8,5415.2,5188.4,5415.2
1973-02-28,5086.1,5334.7,4829.5,5121.3
1973-03-30,5024.1,5233.8,4771.6,5233.8
1973-04-30,5181.7,5181.7,4374.8,4570.3
1973-05-31,4594.6,4774.9,4557.3,4557.3
1973-06-29,4546.7,4687.2,4500.5,4675.1
1973-07-31,4688.8,5123.2,4688.8,5041.1
1973-08-31,4972.8,5021,4828,4882.1
1973-09-28,4785.8,4785.8,4393.4,4617.3
1973-10-31,4582.7,4702.9,4452.6,4699.7
1973-11-30,4634.8,4677,4288.8,4461.8
1973-12-31,4510.5,4510.5,3958.5,4306.8
1974-01-31,4259.2,4536.9,4151,4449.9
1974-02-28,4489.9,4601.2,4453,4486.6
1974-03-29,4538.7,4610.7,4389.9,4466.1
1974-04-30,4486.3,4632.3,4403.6,4632.3
1974-05-31,4614.3,4778.3,4614.3,4772.7
1974-06-28,4771.9,4782.3,4602.9,4602.9
1974-07-31,4622.1,4626.7,4465,4492.4
1974-08-30,4396.1,4396.1,3973.1,4069.7
1974-09-30,4094.3,4134,3950,3950
1974-10-31,3584.1,3803.9,3355.1,3594.6
1974-11-29,3547.6,3929.4,3547.6,3927.5
1974-12-31,3974.7,3974.7,3834.2,3836.9
1975-01-31,3717.6,3967.5,3627,3967.5
1975-02-28,3998.5,4273.4,3998.5,4273.4
1975-03-31,4320,4485,4226.9,4485
1975-04-30,4478.3,4494,4355.1,4484.8
1975-05-30,4504.3,4564.5,4407.7,4407.7
1975-06-30,4378.5,4534.7,4378.5,4532.5
1975-07-31,4541.3,4541.3,4250.9,4333
1975-08-29,4292.5,4344.8,4007.1,4060.5
1975-09-30,4047.8,4047.8,3814,3886.3
1975-10-31,3870.1,4360.4,3870.1,4352
1975-11-28,4339.5,4355,4245.4,4329.8
1975-12-31,4306.8,4342.1,4177.1,4342.1
1976-01-30,4403,4660.4,4403,4656.9
1976-02-27,4670.3,4670.3,4461.6,4628.8
1976-03-31,4630.5,4635.4,4552.5,4596.4
1976-04-30,4581.8,4657,4408.2,4657
1976-05-31,4638.1,4648,4569.1,4608.9
1976-06-30,4686,4852.1,4686,4852.1
1976-07-30,4865.5,4865.5,4641.8,4641.8
1976-08-31,4640.9,4743.9,4640.9,4738.1
1976-09-30,4786.1,4834.1,4676.6,4830.4
1976-10-29,4815.5,4835.2,4615.5,4646.3
1976-11-30,4645.5,4645.5,4451.6,4506.6
1976-12-31,4504.8,4990.8,4496.5,4990.8
1977-01-31,4988.8,5073,4928.1,4962.5
1977-02-28,5008.3,5086.7,4979,5079.1
1977-03-31,5073.6,5073.6,4960.6,5036.4
1977-04-29,5001.2,5157.1,4870.2,5099
1977-05-31,5132.9,5141.9,4980.7,5026.1
1977-06-30,5014.5,5014.5,4813.6,4975.9
1977-07-29,4978.4,5079.3,4849.4,4898.1
1977-08-31,4970.7,5243.4,4970.7,5243.4
1977-09-30,5246.5,5280.3,5157.3,5264.4
1977-10-31,5262.3,5262.3,5069.4,5079.6
1977-11-30,5021,5030.5,4647.8,4936.9
1977-12-30,4913.1,4945.7,4778.5,4865.6
1978-01-31,4867.9,5111.7,4867.9,5111.7
1978-02-28,5188.4,5458.3,5061.8,5222.7
1978-03-31,5210.5,5469.8,5177.5,5469.8
1978-04-28,5430.3,5555.8,5430.3,5534.2
1978-05-31,5532.9,5542.1,5404.2,5438.5
1978-06-30,5476.2,5543.1,5463.8,5543.1
1978-07-31,5529.1,5640.6,5529.1,5601.3
1978-08-31,5585.4,5585.4,5457.9,5585.4
1978-09-29,5560,5772.3,5560,5772.3
1978-10-31,5780.8,5926.8,5727.9,5902.9
1978-11-30,5872.4,5985.4,5872.4,5967.4
1978-12-29,6002.7,6097.3,5873.1,6001.9
1979-01-31,6041.6,6212.8,6041.6,6212.8
1979-02-28,6200,6200,6023.6,6073
1979-03-30,5975.5,6170,5972.9,6133.9
1979-04-30,6008.9,6225.1,5925.8,6225.1
1979-05-31,6236.9,6341.3,6201.5,6252.6
1979-06-29,6176.9,6258,6065.1,6247.3
1979-07-31,6283.1,6313.8,6109.3,6313.8
1979-08-31,6322.7,6452.5,6322.7,6436.1
1979-09-28,6401.6,6568.6,6401.6,6568.6
1979-10-31,6577.9,6577.9,6207.9,6444.1
1979-11-30,6415.3,6451.8,6301.8,6450.2
1979-12-31,6475.5,6569.5,6443.9,6569.5
1980-01-31,6569.7,6776.6,6552.6,6768.1
1980-02-29,6777.6,6838.9,6739.4,6764.9
1980-03-31,6793.5,6794,6475.9,6556.2
1980-04-30,6502.8,6904.8,6502.8,6865.5
1980-05-30,6865.1,6882.6,6634.3,6855.7
1980-06-30,6862.7,6870.7,6761.3,6870.7
1980-07-31,6824.4,6863.8,6708.4,6819.6
1980-08-29,6788.3,6930.6,6739.9,6914
1980-09-30,6915.4,7076.4,6915.4,7076.4
1980-10-31,7123,7175.3,7088.4,7150.7
1980-11-28,7176.4,7188.2,7102.5,7123.6
1980-12-31,7160.3,7160.3,7023.5,7063.1
1981-01-30,7150.9,7315.3,7137.6,7254
1981-02-27,7322,7322,7095.1,7146.5
1981-03-31,7155.5,7334.3,6956.5,7334.3
1981-04-30,7390,7623.8,7390,7623.8
1981-05-29,7575.6,7576.1,7264,7539.7
1981-06-30,7589.9,7867.4,7335,7867.4
1981-07-31,7894.9,7927.3,7717.1,7828.2
1981-08-31,7815.9,8019.1,7726.6,7726.6
1981-09-30,7735.7,7735.7,7357.7,7455.5
1981-10-30,7305.9,7587.8,7076.6,7449.5
1981-11-30,7572.1,7674.9,7505,7664.7
1981-12-31,7521.7,7789.2,7521.7,7681.8
1982-01-29,7718.8,7926.5,7631.8,7918.8
1982-02-26,7909.8,7909.8,7548.5,7548.5
1982-03-31,7309.4,7474.4,6889.5,7260.5
1982-04-30,7293.6,7417.2,7120.8,7390.8
1982-05-31,7457.1,7619.4,7325.6,7325.6
1982-06-30,7368.6,7368.6,7091.1,7213.8
1982-07-30,7179.4,7237.8,6991.5,7122.1
1982-08-31,7208.2,7213.4,6864.5,7123.3
1982-09-30,7152.5,7209.4,6910.7,6910.7
1982-10-29,6849.8,7414.8,6849.8,7259.1
1982-11-30,7334.6,7936.2,7334.6,7895.6
1982-12-31,7966.8,8027,7772.3,8016.7
1983-01-31,8021.4,8172.7,7803.1,8103.4
1983-02-28,8105.5,8145.4,7918.1,8085.5
1983-03-31,7988.8,8478.7,7988.8,8478.7
1983-04-29,8485.8,8636.5,8420.3,8636.5
1983-05-31,8704.4,8719.9,8528.6,8617.6
1983-06-30,8549.7,8870.9,8445.4,8870.9
1983-07-29,8935.6,9112.1,8866.7,9078.8
1983-08-31,9015.5,9203.8,8874.2,9189.4
1983-09-30,9228.3,9445.3,9141.3,9402.6
1983-10-31,9450.1,9562.5,9230.8,9356.8
1983-11-30,9350.9,9430.8,9244.2,9320.2
1983-12-30,9336.6,9893.8,9336.6,9893.8
1984-01-31,9927,10236,9927,10196
1984-02-29,10201,10201,9830,10031
1984-03-30,9920,10929,9920,10929
1984-04-30,11050,11050,10762,10981
1984-05-31,11013,11159,9940,9940
1984-06-29,9913,10378,9913,10378
1984-07-31,10411,10462,9703,9999
1984-08-31,9948,10586,9948,10584
1984-09-28,10630,10649,10458,10649
1984-10-31,10654,11253,10540,11253
1984-11-30,11170,11429,11163,11429
1984-12-31,11514,11560,11251,11543
1985-01-31,11543,11993,11543,11993
1985-02-28,11947,12322,11823,12322
1985-03-29,12412,12604,12264,12590
1985-04-30,12677,12683,12053,12426
1985-05-31,12457,12790,12358,12790
1985-06-28,12473,12911,12473,12882
1985-07-31,12919,13030,12263,12263
1985-08-30,12538,12734,12327,12713
1985-09-30,12531,12756,12454,12700
1985-10-31,12685,13056,12685,12939
1985-11-29,12808,12882,12590,12763
1985-12-31,12797,13129,12775,13083
1986-01-31,13054,13056,12882,13024
1986-02-28,13087,13642,13087,13641
1986-03-31,13768,15860,13768,15860
1986-04-30,15746,15827,15014,15826
1986-05-30,15783,16739,15690,16739
1986-06-30,16739,17654,16670,17654
1986-07-31,17623,18051,17470,17510
1986-08-29,17322,18951,17263,18821
1986-09-30,18695,18812,17327,17853
1986-10-31,17854,17974,15624,16911
1986-11-28,16902,18326,16700,18326
1986-12-31,18339,18989,18132,18701
1987-01-30,18703,20051,18526,20024
1987-02-27,20041,20767,19457,20767
1987-03-31,20771,22218,20771,21567
1987-04-30,21576,24256,21576,23275
1987-05-29,23294,24902,23294,24902
1987-06-30,24905,26000,23898,24176
1987-07-31,24174,24861,22401,24488
1987-08-31,24492,26160,24142,26029
1987-09-30,26041,26178,24744,26011
1987-10-30,26014,26647,21616,23329
1987-11-30,23323,23359,20514,22687
1987-12-31,22662,23281,20937,21564
1988-01-29,21551,23746,21148,23719
1988-02-29,23726,25289,23578,25243
1988-03-31,25256,26377,25256,26260
1988-04-29,26276,27510,26064,27510
1988-05-31,27521,27967,26929,27417
1988-06-30,27428,28395,27178,27769
1988-07-29,27779,28207,27109,28200
1988-08-31,28234,28476,27266,27366
1988-09-30,27329,28034,26701,27924
1988-10-31,27935,28046,26963,27983
1988-11-30,27976,29580,27798,29579
1988-12-30,29614,30264,29292,30159
1989-01-31,30166,31743,30083,31581
1989-02-28,31577,32598,31304,31986
1989-03-31,32007,32964,31344,32839
1989-04-28,32863,33738,32704,33713
1989-05-31,33722,34338,33582,34267
1989-06-30,34294,34328,32606,32949
1989-07-31,32895,34955,32697,34954
1989-08-31,34950,35192,34244,34431
1989-09-29,34439,35778,33955,35637
1989-10-31,35672,35771,34461,35549
1989-11-30,35545,37269,35099,37269
1989-12-29,37284,38957,37059,38916
1990-01-31,38922,38951,36365,37189
1990-02-28,37242,37887,32443,34592
1990-03-30,34587,34588,28830,29980
1990-04-30,29980,30524,27251,29585
1990-05-31,29594,33228,29519,33131
1990-06-29,33110,33345,31086,31940
1990-07-31,31924,33187,30297,31036
1990-08-31,31086,31372,23547,25978
1990-09-28,26014,26163,20671,20984
1990-10-31,20986,25486,19782,25194
1990-11-30,25160,25160,21934,22455
1990-12-31,22457,25064,21627,23849
1991-01-31,23827,24110,22100,23293
1991-02-28,23271,26710,22860,26409
1991-03-29,26389,27270,25786,26292
1991-04-30,26238,27092,25914,26111
1991-05-31,26194,26649,25228,25790
1991-06-28,25841,26017,23215,23291
1991-07-31,23377,24322,21731,24121
1991-08-30,24074,24084,21309,22336
1991-09-30,22329,24158,22175,23916
1991-10-31,23910,25255,23861,25222
1991-11-29,25167,25167,22538,22687
1991-12-31,22646,23022,21124,22984
1992-01-31,23031,23902,20638,22023
1992-02-28,22076,22373,20486,21339
1992-03-31,21348,21551,19343,19346
1992-04-30,19325,19325,16572,17391
1992-05-29,17375,19004,17273,18348
1992-06-30,18328,18503,15642,15952
1992-07-31,15961,17274,15025,15910
1992-08-31,15903,18169,14194,18061
1992-09-30,18058,19284,17396,17399
1992-10-30,17422,17714,16675,16767
1992-11-30,16733,17684,15942,17684
1992-12-31,17675,17788,16892,16925
1993-01-29,16980,17178,16216,17024
1993-02-26,17038,17419,16751,16953
1993-03-31,16956,19126,16721,18591
1993-04-30,18596,20919,18527,20919
1993-05-31,20939,21225,20123,20552
1993-06-30,20532,21223,19040,19590
1993-07-30,19639,20546,19545,20380
1993-08-31,20393,21030,20231,21027
1993-09-30,20929,21281,19928,20106
1993-10-29,20097,20530,19444,19703
1993-11-30,19657,19657,15672,16407
1993-12-31,16450,18052,16217,17417
1994-01-31,17422,20229,17242,20229
1994-02-28,20256,20526,18769,19997
1994-03-31,20053,20782,19083,19112
1994-04-29,19162,20495,18896,19725
1994-05-31,19649,21049,19489,20974
1994-06-30,20989,21573,20169,20644
1994-07-29,20618,20908,19994,20449
1994-08-31,20422,20876,20271,20629
1994-09-30,20634,20701,19414,19564
1994-10-31,19580,20177,19488,19990
1994-11-30,19929,19929,18666,19076
1994-12-30,19061,19833,18823,19723
1995-01-31,19725,19725,17699,18650
1995-02-28,18647,18869,16518,17053
1995-03-31,17018,17162,15424,16140
1995-04-28,16080,17110,15256,16807
1995-05-31,16820,17190,15292,15437
1995-06-30,15481,16016,14376,14517
1995-07-31,14519,17018,14296,16678
1995-08-31,16645,18300,16274,18117
1995-09-29,18053,18848,17503,17913
1995-10-31,17921,18547,17337,17655
1995-11-30,17623,18847,17409,18744
1995-12-29,18752,20024,18696,19868
1996-01-31,19946,21022,19946,20813
1996-02-29,20806,21157,19879,20125
1996-03-29,20094,21486,19628,21407
1996-04-30,21451,22348,21350,22041
1996-05-31,22031,22311,21171,21956
1996-06-28,21971,22757,21589,22531
1996-07-31,22568,22600,20628,20693
1996-08-30,20665,21398,20092,20167
1996-09-30,20187,21604,19920,21556
1996-10-31,21533,21789,20450,20467
1996-11-29,20498,21461,20388,21020
1996-12-31,21035,21068,18820,19361
1997-01-31,19364,19501,17020,18330
1997-02-28,18308,19229,17792,18557
1997-03-31,18517,18750,17617,18003
1997-04-30,17935,19195,17448,19151
1997-05-30,19232,20612,19188,20069
1997-06-30,20084,20911,20041,20605
1997-07-31,20562,20699,19496,20331
1997-08-29,20345,20399,17974,18229
1997-09-30,18215,18775,17564,17888
1997-10-31,17820,17937,16082,16459
1997-11-28,16494,17006,14966,16633
1997-12-31,16594,17118,14569,15259
1998-01-30,15269,17353,14546,16628
1998-02-27,16685,17256,15932,16832
1998-03-31,16901,17352,16178,16527
1998-04-30,16433,16624,15334.5,15641.3
1998-05-29,15655.8,15972.9,15020,15670.8
1998-06-30,15670.7,15830.5,14614.7,15830.3
1998-07-31,15852.1,16756.9,15739.8,16379
1998-08-31,16303.6,16303.6,13792.8,14107.9
1998-09-30,13979.8,15294.3,13406.4,13406.4
1998-10-30,13377.2,14742.4,12787.9,13564.5
1998-11-30,13648.3,15320.2,13648.3,14883.7
1998-12-31,14821.5,15011.1,13657,13842.2
1999-01-29,13779,14628.9,13122.6,14499.2
1999-02-26,14544.1,14641.4,13769.2,14367.5
1999-03-31,14362.9,16437.2,13921.1,15836.6
1999-04-30,15868,17166.06,15813.4,16701.53
1999-05-31,16762.78,17300.61,15886.62,16111.65
1999-06-30,16090.15,17958.34,16026.95,17529.74
1999-07-30,17607.6,18623.15,17367.08,17861.86
1999-08-31,17827.24,18397.93,17040.72,17436.56
1999-09-30,17479.57,17988.59,16652.04,17605.46
1999-10-29,17589.73,18228.39,17178.47,17942.08
1999-11-30,17982.39,19036.08,17857.11,18558.23
1999-12-31,18563.26,18960.33,18006.32,18934.34
2000-01-31,18937.45,19595.83,18068.1,19539.7
2000-02-29,19536.68,20046.14,19266.96,19959.52
2000-03-31,20030.08,20809.79,18765.88,20337.32
2000-04-28,20327.79,20833.21,17926.43,17973.7
2000-05-31,17979.25,18586.16,15870.25,16332.45
2000-06-30,16320.08,17511.32,16289.92,17411.05
2000-07-31,17451.65,17661.11,15394.71,15727.49
2000-08-31,15784.6,17210.8,15557.33,16861.26
2000-09-29,16915.04,17018.52,15621.88,15747.26
2000-10-31,15735.71,16192.78,14333.16,14539.6
2000-11-30,14557.45,15602.39,14172.64,14648.51
2000-12-29,14600.53,15273.4,13182.51,13785.69
2001-01-31,13898.09,14186.62,13123.81,13843.55
2001-02-28,13740.92,13862.29,12784.17,12883.54
2001-03-30,12811.52,13867.58,11433.88,12999.7
2001-04-30,13057.65,14099.49,12579.56,13934.32
2001-05-31,14096.32,14556.11,13216.57,13262.14
2001-06-29,13365.08,13510.7,12511.66,12969.05
2001-07-31,12929.66,12929.66,11531.68,11860.77
2001-08-31,11920.64,12407.37,10684.16,10713.51
2001-09-28,10729.6,10812.89,9382.95,9774.68
2001-10-31,9766.75,11052.01,9604.09,10366.34
2001-11-30,10430.59,11186.75,9955.09,10697.44
2001-12-31,10694.65,11052.51,10170.9,10542.62
2002-01-31,10631,10979.92,9843.12,9997.8
2002-02-28,10026.96,10798.67,9420.85,10587.83
2002-03-29,10641.36,12034.04,10540.31,11024.94
2002-04-30,11106.07,11812.99,10896.12,11492.54
2002-05-31,11540.09,12081.43,11250.86,11763.7
2002-06-28,11804.04,11905.16,10060.72,10621.84,7965625760
2002-07-31,10655,11050.69,9547.85,9877.94,11405556128
2002-08-30,9912.59,10162.3,9439.41,9619.3,9873099872
2002-09-30,9564.9,9884.6,8969.26,9383.29,10013932768
2002-10-31,9289.53,9293.86,8197.22,8640.48,10578342400
2002-11-29,8651.67,9294.1,8246.53,9215.56,11191883488
2002-12-31,9208.61,9320.11,8256.52,8578.95,9115777616
2003-01-31,8669.89,8829.06,8237.03,8339.94,10511658816
2003-02-28,8285.55,8821.31,8253.76,8363.04,9772537120
2003-03-31,8397.15,8509.43,7824.82,7972.71,10621217632
2003-04-30,7907.13,8249.98,7603.76,7831.42,11334000000
2003-05-30,7804.03,8461.73,7745.69,8424.51,12348000000
2003-06-30,8490.22,9188.95,8488.89,9083.11,17172744640
2003-07-31,9097.61,10070.11,9078.74,9563.21,19011802176
2003-08-29,9646.66,10415.53,9224.05,10343.55,17337815104
2003-09-30,10399.53,11160.19,10148.36,10219.05,18358823104
2003-10-31,10232.57,11238.63,10173.54,10559.59,19585360512
2003-11-28,10693.66,10869.35,9614.6,10100.57,12730011840
2003-12-31,10006.13,10681.28,9859,10676.64,12688933248
2004-01-30,10787.83,11193.64,10665.15,10783.61,14296069280
2004-02-27,10784.93,11069.28,10299.43,11041.92,12717561408
2004-03-31,11112.68,11869,11045.94,11715.39,24078300224
2004-04-30,11756.16,12195.66,11623.65,11761.79,24222312896
2004-05-31,11777.44,11785.26,10489.84,11236.37,16963632640
2004-06-30,11204.69,11887.95,10963.56,11858.87,16930708672
2004-07-30,11933.33,11988.12,11018.79,11325.78,13732468032
2004-08-31,11274.45,11279.71,10545.89,11081.79,14737767648
2004-09-30,11104.85,11357.85,10737.78,10823.57,17004998784
2004-10-29,10893.19,11410.4,10575.23,10771.42,15715128128
2004-11-30,10731.02,11268.81,10690.95,10899.25,13731681632
2004-12-31,10790.45,11500.95,10721.59,11488.76,14336665952
2005-01-31,11458.27,11580.69,11212.63,11387.59,16092300064
2005-02-28,11422.02,11754.9,11271.04,11740.6,16661319104
2005-03-31,11734.14,11975.46,11506.85,11668.95,20453764544
2005-04-29,11590.45,11911.9,10770.58,11008.9,16608564352
2005-05-31,10954.21,11302.52,10788.59,11276.59,14329258944
2005-06-30,11220.94,11594.57,11148.36,11584.01,16010184768
2005-07-29,11573.37,11913.5,11540.93,11899.6,14322725632
2005-08-31,11907.42,12612.16,11614.71,12413.6,23228240128
2005-09-30,12501.43,13678.44,12498.4,13574.3,32022348416
2005-10-31,13566.2,13783.6,12996.29,13606.5,32190585984
2005-11-30,13606.5,15013.24,13606.5,14872.15,33907797248
2005-12-30,14914.75,16445.56,14880.18,16111.42,31258363872
2006-01-31,16294.65,16754.59,15059.51,16649.82,25366091328
2006-02-28,16594.9,16777.36,15389.58,16205.42,26263968512
2006-03-31,16026.82,17125.64,15553.13,17059.66,22744037696
2006-04-28,17127.6,17563.36,16750.5,16906.23,20420116480
2006-05-31,16929.83,17375.25,15442.53,15467.33,22234296896
2006-06-30,15603.25,15789.3,14045.53,15505.17,23705386304
2006-07-31,15573.34,15710.38,14437.24,15456.8,19534250752
2006-08-31,15387.51,16244.83,15154.05,16140.75,21495938816
2006-09-29,16072.8,16414.93,15513.87,16127.58,19384380032
2006-10-31,16169,16901.52,16028.32,16399.39,20641551616
2006-11-30,16338.71,16512.5,15615.55,16274.33,20160974912
2006-12-29,16313.01,17301.68,16185.91,17225.83,23334600512
2007-01-31,17322.5,17617.64,16758.46,17383.41,25528812608
2007-02-28,17377.02,18300.39,17199.66,17604.11,31295510400
2007-03-30,17542.23,17558.03,16532.91,17287.65,32680105280
2007-04-30,17346.25,17782.08,16999.05,17400.41,25045975040
2007-05-31,17396.3,17875.75,17203.02,17875.75,26551595328
2007-06-29,17949.91,18297,17591.92,18138.35,26245267520
2007-07-31,18139.03,18295.26,17042.66,17248.89,25508737920
2007-08-31,17169.19,17274.33,15262.09,16569.08,30703532480
2007-09-28,16511.07,16929.25,15610.65,16785.68,19755198784
2007-10-31,16773.09,17488.97,16199.01,16737.63,23629444928
2007-11-30,16812.9,16887.03,14669.84,15680.66,27874929920
2007-12-31,15747.46,16107.65,14998,15307.78,20998172544
2008-01-31,15155.73,15156.66,12572.67,13592.46,28690235072
2008-02-29,13517.74,14105.46,12923.41,13603.01,27031061760
2008-03-31,13412.87,13413.62,11691,12525.54,25917544384
2008-04-30,12539.79,14003.28,12521.83,13849.99,23079263040
2008-05-30,13802.58,14392.53,13540.67,14338.54,24526910976
2008-06-30,14342.96,14601.26,13453.34,13481.37,25653511232
2008-07-31,13514.86,13603.3,12671.33,13376.8,24046498496
2008-08-29,13276.57,13468.8,12631.94,13072.87,22034162304
2008-09-30,12936.8,12940.54,11160.83,11259.86,25773654144
2008-10-31,11396.61,11456.64,6994.9,8576.98,37943534976
2008-11-28,8702.77,9521.24,7406.18,8512.27,25358102912
2008-12-31,8464.36,8859.56,7849.84,8859.56,23191586112
2009-01-30,8991.21,9325.35,7671.04,7994.05,24051323328
2009-02-27,7908.51,8257.71,7155.16,7568.42,25589540928
2009-03-31,7454.28,8843.18,7021.28,8109.53,29999288064
2009-04-30,8173.36,9068.8,8084.62,8828.26,34287898496
2009-05-29,8848.84,9522.5,8827.13,9522.5,26717819520
2009-06-30,9517.49,10170.82,9491.26,9958.44,34390724480
2009-07-31,9889.34,10359.07,9050.33,10356.83,31187017216
2009-08-31,10355.23,10767,10142.22,10492.53,26872429952
2009-09-30,10453.37,10577.19,9971.05,10133.23,23378105280
2009-10-30,10072.64,10397.69,9628.67,10034.74,28085760000
2009-11-30,9903.77,9979.46,9076.41,9345.55,24413066048
2009-12-31,9281.82,10707.51,9233.2,10546.44,28229097600
2010-01-29,10609.34,10982.1,10198.04,10198.04,32481205312
2010-02-26,10212.36,10449.75,9867.39,10126.03,23932631424
2010-03-31,10128.73,11147.62,10116.86,11089.94,25693733568
2010-04-30,11178.92,11408.17,10865.92,11057.4,26528565184
2010-05-31,10847.9,10847.9,9395.29,9768.7,27806657152
2010-06-30,9747.26,10251.9,9347.07,9382.64,23785812032
2010-07-30,9296.86,9807.36,9091.7,9537.3,25894205056
2010-08-31,9574.64,9750.88,8807.41,8824.06,22421816064
2010-09-30,8833.32,9704.25,8796.45,9369.35,21807320832
2010-10-29,9440.52,9716.92,9179.15,9202.45,25095233152
2010-11-30,9166.85,10157.97,9123.62,9937.04,23487083136
2010-12-31,9939.8,10394.22,9918.55,10228.92,22360713024
2011-01-31,10352.19,10620.57,10182.57,10237.92,23308742976
2011-02-28,10281.55,10891.6,10245.75,10624.09,26447505408
2011-03-31,10676.24,10768.43,8227.63,9755.1,41423399886
2011-04-29,9757.28,9849.74,9405.19,9849.74,26114286413
2011-05-31,9964.39,10017.47,9406.04,9693.73,21276045440
2011-06-30,9708.05,9849.69,9318.62,9816.09,25315433483
2011-07-29,9878.69,10207.91,9824.34,9833.03,21180147817
2011-08-31,9907.04,10040.13,8619.21,8955.2,29729893619
2011-09-30,9017.01,9098.15,8359.7,8700.29,23190282636
2011-10-31,8567.98,9152.39,8343.01,8988.39,20608901813
2011-11-30,8880.75,8946,8135.79,8434.61,19914173077
2011-12-30,8581.2,8729.81,8272.26,8455.35,18164942179
2012-01-31,8549.54,8911.62,8349.33,8802.51,18733674083
2012-02-29,8789.06,9866.41,8780.1,9723.24,29873560082
2012-03-30,9771.34,10255.15,9509.1,10083.56,29188909213
2012-04-30,10161.72,10190.35,9388.14,9520.89,21957358691
2012-05-31,9471.66,9472.25,8455.13,8542.73,23437583355
2012-06-29,8465.47,9044.04,8238.96,9006.78,20486935845
2012-07-31,9103.79,9136.02,8328.02,8695.06,21198182828
2012-08-31,8622.04,9222.87,8513.2,8839.91,24075720570
2012-09-28,8836.61,9288.53,8646.03,8870.16,24035401856
2012-10-31,8815.07,9075.59,8488.14,8928.29,27369763136
2012-11-30,8931.71,9492.91,8619.45,9446.01,26874473728
2012-12-31,9484.2,10433.63,9376.97,10395.18,34328589312
2013-01-31,10604.5,11145.38,10398.61,11138.66,43355831552
2013-02-28,11193.72,11662.52,11046.92,11559.36,52997743872
2013-03-29,11464.71,12650.26,11464.71,12397.91,42518739456
2013-04-30,12371.34,13983.87,11805.78,13860.86,62112490624
2013-05-31,13837.72,15942.6,13555.66,13774.54,71906406272
2013-06-28,13551.36,13724.44,12415.85,13677.32,47548612864
2013-07-31,13746.72,14953.29,13562.7,13668.32,41454262016
2013-08-30,13674.5,14466.16,13188.14,13388.86,31588840768
2013-09-30,13438.07,14817.5,13407.53,14455.8,29087086336
2013-10-31,14517.98,14799.28,13748.94,14327.94,30954741696
2013-11-29,14403.07,15729.09,14026.17,15661.87,31759626368
2013-12-31,15659.74,16320.22,15112.54,16291.31,31510336512
2014-01-31,16147.54,16164.01,14764.57,14914.53,37350384384
2014-02-28,14788.56,15094.54,13995.86,14841.07,33903748608
2014-03-31,14666.93,15312.6,14203.21,14827.83,30118662528
2014-04-30,14870.51,15164.39,13885.11,14304.11,25753842048
2014-05-30,14341.09,14744.16,13964.43,14632.38,25601954112
2014-06-30,14777.51,15442.67,14777.51,15162.1,27153872128
2014-07-31,15179.64,15759.66,15101.49,15620.77,24675846656
2014-08-29,15511.54,15628.78,14753.84,15424.59,23007950272
2014-09-30,15454.59,16374.14,15440.99,16173.52,25301556672
2014-10-31,16173.39,16533.91,14529.03,16413.76,34364679424
2014-11-28,16732.85,17520.54,16713.37,17459.85,31553792768
2014-12-31,17475.1,18030.83,16672.94,17450.77,29628883072
2015-01-30,17325.68,17850.59,16592.57,17674.39,26915649152
2015-02-27,17536.61,18865.39,17271.87,18797.94,29754215808
2015-03-31,18869.4,19778.6,18577.06,19206.99,31921373184
2015-04-30,19129.75,20252.12,18927.95,19520.01,30473503936
2015-05-29,19510.85,20655.33,19257.85,20563.15,32916311168
2015-06-30,20444.54,20952.71,19990.55,20235.73,34645595776
2015-07-31,20291.05,20850,19115.2,20585.24,33183367040
2015-08-31,20540.21,20817.48,20396.5,20724.56,8278368768
