"X1","X2","X3","X4"
0.511000395297378,-1.61803670297697,-0.699228106144098,-0.494173879373619
1.80799277841515,0.379181152233395,0.996451529666396,1.12759346616907
-1.70261496033122,1.90225048050644,-0.69274535356833,-1.14694954858439
0.287448758850646,0.601874266947382,-0.103483046838697,1.48101859708601
-0.269114155008503,1.73234970040474,0.603866064318714,0.916191212458402
-0.379524721361516,-0.14686955337995,-0.608044983359464,0.335131017104748
-0.694381543701603,-0.272868241427588,0.0848661205199916,0.57467532847443
-0.193542723789515,1.14748961195064,1.57799019874749,0.203619661886632
0.936893991814893,0.505399670062373,-0.463653743705612,-0.447041192021587
-0.822071099619348,0.801037474987433,-1.15852700589699,-0.343525927555419
-0.310246581174978,-0.135261291562419,0.723685640977932,-0.60383579647081
0.42116032139351,-0.047630325325921,-0.784540661183284,1.23867251847222
0.452656407369059,0.250102680449516,-0.268400025520266,0.599492053306319
1.74838156505926,0.0435543649321396,0.507799265824037,-0.108733757596266
-0.300061535539994,0.79144564883068,0.461331003901638,-1.13885696475289
-0.176532717527334,-0.367948182290832,1.17944958556405,0.319855338558353
-1.78202377273323,-0.920185436988979,-0.67939633341417,-1.0065481340292
1.31201547479091,1.4795855372078,-0.318611569966249,-0.851612042829978
0.730840343306823,-0.7378562051922,-0.658019293864502,2.03878604469939
0.992333739146852,0.288344272967324,-0.162615980275628,-1.39598222358437
-0.999500054025023,-1.86080985001404,1.98934911973313,-0.882994997402491
1.52370789097861,-0.643701923640257,-0.0610519410969586,-0.580806129900227
-0.693509176823944,2.42138011444996,-0.0278099839182587,-0.595755686765138
1.50826341076935,0.0914724162507986,0.511525893301122,-1.12552538199284
-0.0390817340298,0.81644111260158,-1.21675338327355,-0.187725488793352
0.577906574128332,0.543143182334588,0.953601027080163,-1.0380420431511
0.147944852919403,-1.41970718079724,-0.0583640451901847,1.34246054657364
-0.842474252999495,0.85936046537701,-0.704946172078452,0.123512925286392
-0.160803584533244,-1.0216920662398,0.37431582186532,0.858147790153634
-0.529824792261762,0.712890392058031,-0.183167317158162,-1.40542792339272
-1.02078296437523,-1.20561425006548,-0.151614769827921,-0.0144570974007778
-0.141966124478565,-0.0315592041167918,-0.114874638716652,0.545575680865128
-0.887172891711821,0.530265025244781,1.54720521421964,0.0981120890176681
-0.0187894464521728,-0.326084831299733,-0.552909864931753,0.0175966291792284
0.183730179476005,-0.144725349116328,0.954259677245468,-1.03428012006976
0.717668905739407,0.572953053492816,0.164420107478753,-0.628717129629501
-0.849989231686469,0.720223826137903,-0.277725410828986,-0.404901407269793
0.67408994182628,1.51788812497892,-0.644419619223862,-0.802371216259799
0.00465431422434222,2.82471876434655,-0.367106009737265,0.763807156156157
-0.360151775736727,-0.11273842983908,-0.275913323896434,1.75961293587004
1.11784189633082,1.32946118013757,1.0906215035097,1.31518008174595
0.247223611057383,0.692659114556169,-0.781372921136103,0.422840228773344
-0.788550546713159,0.0699438598690893,1.64332373376438,-0.118307690254848
-1.26787922827726,-0.0528378442452677,-0.170785226051006,0.576005728308136
0.341368107491606,-0.996601590144277,-0.653641910106926,-0.788614207390695
-0.75801220131711,0.991033942202365,-0.707909530538924,0.264917112495371
1.80807011198893,1.03704135567893,0.188105486356753,0.166466198021097
0.544792717468943,-0.501953588063571,1.74803479722261,-2.34502321435256
-2.73667446003597,-1.20125122199509,-0.224260839154788,1.89663701960685
-1.02254967834869,0.0302883523965746,-0.095715548183244,-1.33156143483864
-1.24578468166768,1.11706337928647,0.205072404879131,-2.62587763955897
-1.01664191522471,1.74067850954298,0.0634116980727395,-0.000342472147151789
-1.64803947514363,-0.556531541211859,-0.741664430606325,0.107412294687636
0.521126785487356,-0.12018183029352,0.988291199131346,-0.0080054312303214
0.376947529960637,1.71323257961571,-1.23052423256499,0.140564613848128
0.425304010820081,-0.402961246699624,-0.980080361865213,-1.18492733798134
1.1234220425164,-1.0102780365949,-0.415431332879817,0.592497104156848
-0.035351975653511,0.348797683174704,-0.27844094049977,1.38068758134306
1.43850642301198,2.37772781695755,1.05409934754309,-0.838728583550592
-1.12796160514441,-0.752163309864745,-0.62305895188382,0.30587423629278
-0.685407530092446,-0.473085651209426,-0.178191822257626,-0.270900317647183
-0.777926523230062,-0.103887511234988,-0.332385705278369,-0.060785904550875
-0.377894617164921,0.0590779960324681,1.60388383078126,0.975708454860259
-0.903917622638662,-0.388849858802789,1.44882146078712,0.277768209440347
0.6431477517884,0.478360104866217,-1.05839965003638,1.93184106588039
-0.128108776140932,-0.656089810469421,0.436514338345504,-0.332290606474839
1.1109469393458,-0.134651472082506,-1.29720147388242,1.48194329316471
-1.52604062628071,0.675957695557538,-0.829073430273456,-0.455655564121926
-1.531390868365,0.131910036877225,-0.581611242371406,-0.231322401662488
-0.679166863591522,0.689808756238025,-0.847301808931937,-0.32711762721469
-0.873373138638672,-1.39064409398918,0.228593291980103,0.287902029979113
-1.52098422590799,-0.830233284077037,-0.313185666444505,0.466534226807171
0.392481087020716,-0.154801930774448,0.306202128122618,0.145161086801629
0.669879081502643,-1.57446266611955,1.22963755720089,0.599325334115896
1.31841504464163,0.190549121736647,1.17110292471268,-0.781932342398934
0.512022708360951,0.921528665264763,-2.0712886450964,-0.238878516187315
0.43139096901476,-0.131259521885002,-0.254411710301793,0.652135347242971
1.30415523517353,-1.64039657688756,0.476396540102075,1.03807857111819
-0.389135890602367,-0.247917301381174,1.1648359123802,0.338341102765029
0.127641274048801,-1.30009160756557,-0.570515444184433,0.709389825515823
0.289348445891014,-0.265335756960754,0.127827928639979,0.840061158464551
2.37274263187425,-1.40079202951579,1.63205862988908,0.609308995068682
0.43006635444484,-2.04270308488149,0.198993869675984,-0.223717667477607
-0.785487678087819,0.851778688270516,1.87590306780823,-0.164343918304594
0.467127983582867,0.259731150608054,-2.21675513493914,0.621993832386204
-1.1460229700617,-1.16420771092819,2.03387780206071,-0.45538382362054
-1.1151271358915,-1.41205936785437,-2.37498614160957,-0.131983757227639
1.21066768839645,-1.22830319843021,1.13308270961088,-0.0918070082042202
-1.17287394246877,-0.536864238027104,1.06322316087704,-1.58680900679091
-1.56656679944203,1.2014053155918,-0.379907282555215,0.334188898006935
-0.470230393972754,0.37954174704255,-0.331000594076846,0.570006842576199
-0.632686294660839,-0.957402357649547,0.355548081917882,-0.0611033670381328
0.313250365203186,0.97779141646181,0.169888599035472,1.79406719994437
-0.239837776867839,-1.39128503779909,0.239238593824761,-0.175782369169236
2.64645121200562,1.67740605287812,1.31400656157686,0.578799236784286
1.33340158586542,-0.250482018600349,0.229274976791376,0.53259812823823
-1.99492841319364,1.43238382539799,-2.0642553710307,0.784679057850198
0.319367398471265,-1.01678362381117,0.41627418952243,0.4177120868164
-0.411317805026416,-0.0304302819621278,-0.32273060276783,-0.191280580464146
0.775514909177735,-0.51039563761724,0.842913529277499,0.563353249160496
-1.01615185466455,0.340871956054676,-0.874938548515266,0.253522340813204
-0.519983251059716,-0.970334665270286,-0.250570213789226,0.243522140168039
0.0705883136633334,-1.22479236693125,-1.53788372174715,0.719590249915119
0.409643632238833,-0.949700113905872,-1.48353381221735,0.772732980235113
-1.65481672621274,1.76588815502968,-1.7447381269927,-0.00852286427622694
-0.392624027714829,0.240160911305288,0.0242356783728676,-0.389069154981751
-2.04013363764508,1.0285767102378,-2.74161388015182,1.32823335412769
0.540665454614255,-0.762261487874152,1.25450869273938,0.0530125522622219
-0.665321188685167,-0.11136038635232,-0.650621197553096,-0.376265157965668
1.38052005512718,-0.0920825726280635,0.0146697562119895,-0.946238346878203
1.18185827608229,-0.275673844522837,1.19810154911883,0.269989483309469
-0.781710319136195,-0.138688592191735,0.30121905668371,0.387150587324501
0.352178111371434,0.295846382533286,0.421688779118986,-1.1380526011713
1.17022276829348,-0.792410017758057,-0.636610202834169,-1.34835448953457
0.462579685821988,0.770283963799983,-1.29425839270764,0.184197119538614
-1.1102776366921,1.7952032108663,0.641573251982327,-0.818899655331007
-1.97452193642747,-0.0604490891555284,-0.20300577965444,1.34861529998307
0.245201815514183,0.519887436771034,-3.84840269995274e-05,-1.10719940407301
-0.718923961895859,0.210473331204397,-0.824594641794736,-1.54890311450311
1.37284391721474,-0.0368396637641501,-0.556709400434332,-0.0698479401103959
-0.820618410560149,0.447906057854475,-2.29142750276276,0.468005090421516
0.650457649686153,-0.0573442273899277,-1.65236977680908,0.156881145749739
0.93631735652698,-0.86943461115035,-1.57125070163983,-0.120859637284792
0.796136862511041,-0.0889101522186457,-0.180305124601422,0.378800825326744
-1.68806748417815,1.21696744889734,-1.06639966452267,-0.768385643943707
-1.47304138272343,0.569933206854661,0.389090532297012,0.226991933442807
-0.492799345134343,0.395379891222626,0.0352335986748661,-0.833687266772298
1.04222750323098,-0.113843453185286,-0.498454515445811,-0.804394854725982
1.24234024306672,0.552905906109517,-1.6054317144697,0.106715468591871
1.85785707040233,-2.02956006594939,-0.67093240335342,0.411464908515077
-0.929341919888444,-0.0686946976916937,0.892725899985323,-0.869121565044251
-0.653206936772144,-1.49767184123777,0.476799443153048,-1.5509775524795
-0.0244116825347875,-0.405455694608118,-0.311867437303258,-1.02634997767561
1.24679435387727,-1.4002913530797,-2.24435886762858,-2.00020298785555
-1.91377942061336,1.26750815363852,-0.486200731941719,0.129017185333089
-1.22283146500023,-0.688711859938011,-2.92429113218381,0.584768770263072
1.74907440578319,-0.488652300491905,1.77384268160864,1.80192914517347
0.783972727423185,1.23530940701422,0.0337124389773445,-0.894728381387209
-2.13558164758205,0.813250245338892,1.26106595229873,-0.47253781279156
1.07311191410745,-0.34256835679028,-0.173960891087615,-0.108508800819902
0.385901336062221,-2.01983338623565,2.07554917645169,0.237583034706238
-0.698983339711992,0.837010190946412,-0.898641835997367,-0.798348314380711
-0.0056878649207849,-0.373347873955579,0.837990321501561,0.929332179663478
0.635905657069789,-0.705913682965425,-0.0109436319889317,-0.379689160135705
0.352563570848827,-0.539249664945891,0.727129908185823,0.985170574488639
0.795669551239463,-1.11948448426382,-1.32523126613269,-1.62921830722764
1.53695217375178,-1.4188888331771,2.23816322683861,-0.162234665329609
0.390112546889205,-1.01225264903813,0.302436273877211,0.345774730922208
-1.48063431852141,1.0831385336737,-0.496712975638095,-0.492190924375357
0.0615794930752654,-1.04530027352358,-1.18622500956318,-0.478686769821278
-2.37575003180335,-0.323864733560642,-1.52534163542218,-0.637734260110071
-0.242667123167163,0.524438185756302,-1.8163370958066,0.103420706841276
-0.799065556694952,0.445657890350966,-1.71753992490193,1.26229835926168
-0.925486373272056,-1.9490096977888,0.039712049725824,-1.02429911136656
-0.615266874573586,1.46172387729718,1.12155646937291,-0.0990034590490781
3.84776770582989,0.177940680194105,0.353915660950126,-0.482566864635336
-0.999698714984163,0.999695919546675,-1.93209497227857,1.41320322147466
-0.911686535167258,-0.937292247176689,0.0857532249551007,1.9277281824019
-0.381080096164577,-0.44823004045384,1.50006794941982,0.500733127839078
-0.383997466589783,-0.268933922317647,1.01468792813211,0.0663108751126725
3.39789410326659,0.652135057033228,1.84390932942692,1.36624980298819
-0.0260711693695634,-1.22108962295101,0.41958246226038,-0.461615131638163
-0.149839624441722,-0.479177912848236,-3.28937584855757,-0.056820381470355
-0.468349701374868,0.625164879333557,0.642383067114167,1.05022857914546
1.12579662627949,1.09420449561273,0.213093639533192,0.10571373539749
-0.212019587052905,-0.905278662343015,-1.7182887639908,-0.475412846638052
0.470018887056929,1.41211395332358,-0.131452234665525,0.184986351845422
0.108873465160088,-0.132608781527953,-0.671879471327625,-0.447633825506989
-1.5614252210103,-0.192449574686267,-0.443464894242919,1.86991842288677
-0.811263287088516,0.67325305433309,0.471270768091317,-0.38322360709269
0.00114889952699058,0.876163568296054,-0.59186388659965,0.940762582355678
1.20310842125094,-0.758346497140262,-0.651915887319594,0.00114037939802183
0.311693057107097,0.864579771902525,-1.45676385275197,1.33035103673469
0.130598427256718,-0.948963399300591,0.172284600439745,0.930724347311392
-0.80516346412522,0.838568411269346,0.550965515977292,-0.648756927555097
0.926087654316365,-0.530415535058218,0.571722040589605,0.282057595472141
0.947016993128214,-0.786908548603668,1.18917934773041,-0.145816428129493
-0.321797968986427,1.05901879902439,-2.36533381504662,0.502782858153291
0.772423270502735,0.470278062186915,0.0332240411790732,-0.0463609106163997
-0.241610502559277,-1.2179748564802,-1.33429768089279,0.470334653258416
0.212770975389143,0.870229591425316,0.608785792743954,-0.116979104080516
0.825594764638088,-0.267426358619252,0.0800248847271412,0.955642402601893
0.563049476530567,0.56842903856661,-1.06872802248799,0.313166943227935
-0.752367691986515,0.457145819141247,-0.377553664195196,-1.31586542685489
0.378199932803201,-0.969959941777926,1.40288067524327,-0.0207296794375628
-0.525124486791917,-0.114825038985959,-0.541441946412946,-0.336662904733371
-0.19055131788821,-0.0234472743614127,-1.72492124772187,1.11643673864278
-0.90211869584583,-0.434144699174267,1.08919483753396,-1.15166933686074
-0.024060182670129,-1.9943340021324,1.16976360508389,-2.04499496770188
0.87239666699548,-0.50766746962865,-0.607156730101415,0.467675329647353
-0.312461712862435,0.490276565726803,1.65412285522879,0.941962064122669
0.720717448731055,0.966104734909007,-0.166080566390793,0.452910356116704
-0.102828800959391,1.14515302024812,-1.27401899139188,1.35278265051485
0.559022029508583,0.713769665749411,-0.306040857753799,0.901955687705
-1.55419837865674,-0.201678825773981,0.254340425178138,-0.930310131580784
0.709922629586025,-0.34575118336019,0.562471102501748,0.930524994346825
-0.651595752451539,-0.580760636834414,0.385138526730681,-0.588776640838963
-0.438081055272362,0.938766216362923,1.23617915452482,1.1050875580454
0.259304140876942,-0.603470494839364,0.230932004729973,0.992881907632339
0.491537137167375,0.203513688368744,0.516775157949177,-0.0497880401457014
-0.49523162403629,0.92823300523863,1.0255791375194,1.06793715834658
-1.03187535862525,0.359090462240704,-0.166313578850091,-0.267897522190875
-0.693826247873705,0.186757338051538,-0.791567079440403,1.01100559908234
-1.26675412863605,-0.419845439744831,-0.282152279625528,-2.30643455019036
1.12320174331884,-1.1659802678585,-1.33336590569982,-1.05139227913831
0.380869990508259,-0.276737825839425,0.0496970129853213,0.14755742455189
-0.0121901764592969,-0.856257832698083,0.503797531825137,-0.510659669728227
-1.03561319926971,0.139424305372722,-1.04712783477107,-2.66795823659219
0.85968673958451,0.0315245529374235,-0.869470504201632,-0.835230624377586
0.189992647822113,-0.33652133756092,-1.10841870084243,1.61395858579347
-1.72587558927542,0.579936073436706,-0.0404459582548468,-1.20877889007238
-0.387665690017064,1.45462253339102,1.41657477550723,0.166938041160069
-0.318801236322655,0.0555095428648723,-0.632693871451233,-0.493898645223734
-0.324302592252608,0.541030164477047,-0.628558194189149,0.0183160017591458
0.0300531850562052,-1.02610058234102,-0.025326160634408,-0.177364947696921
0.392321619067053,-0.100002827108791,-0.975476335713031,-0.135914238141756
1.19563141952012,0.0309730324517755,1.01497226020659,-0.122508155169796
-0.113576716546283,0.458411654341046,-0.301907306658092,-2.17699358942494
-0.630058855720346,0.384593475592194,1.1310543674245,0.000559584625123736
-1.18749913282224,0.173952590312354,0.639451578125384,0.12835196484847
0.335647263444194,0.391491958293694,0.794958784716343,0.412336687584628
-0.427534372964467,-0.886524893523497,-1.47913745549668,1.36723917292648
0.611498768549105,0.190932085796145,-1.68068071887634,0.0367601401988459
-0.870401547449782,-1.62758816223906,0.0589754749151921,0.270771895991867
-0.295050798828287,0.910026353420563,-0.358304019532621,-1.42765630977467
-1.25784490645628,0.684047217263731,-0.339249854254092,0.0995746809256668
0.554534201115664,-0.0495199836081726,-0.102197913003283,-1.55545187835766
-0.204411509653419,1.68793300204711,1.60058413931273,1.9984893050234
2.79522292316182,-0.548234524405783,-0.461803035391538,-0.357022568847804
-0.437633109136367,1.27235101713631,-0.617623540241725,0.352160890026348
-0.812751760336985,0.701140119543595,1.62733903509555,0.441335798429958
1.96302900357277,2.18965021245322,0.223655476773407,-1.30749298175472
1.92846178554658,1.26903037115332,0.242420207917438,0.466880857399669
1.53418047597992,0.761464999670919,-1.29503270099671,-1.07289994496582
0.31994399913145,0.582757040099696,0.749241651724491,0.458505667493202
0.735767556314044,0.533985835716627,1.1686553865313,-0.618805090882675
0.926872559105419,0.863510790207517,0.71429342693586,-0.679937391524609
1.12724267380332,0.763324150905144,-1.14956738950403,0.414206182097416
-0.665469620093402,1.20037462254049,1.45037475149102,0.366427285746921
-0.790936889204485,-0.140391418142241,-0.297783274696659,-0.248906664495431
1.08766682206879,1.7700780657183,1.83661114423941,-0.736329424522719
-1.17330378363285,-0.0256507306642261,0.464740429947891,0.194005755434863
0.388893387922627,-1.30579410177537,0.416279250424195,-0.0487537818800853
-0.734515887505581,1.27519729484828,2.00767401732439,0.95950047987295
2.04772366983463,-1.42251331058624,1.20833433161434,-0.632083935907471
0.974612420069338,0.0383256998883746,0.460690015413864,-0.123067474017374
0.527679634186246,-0.848389891350233,-0.786063559931139,2.2707832168022
0.196198182203574,1.30756902051937,0.901634040871823,-1.28391642562985
-0.809436307495285,0.665223165074351,0.768715581950775,0.317251422360256
-0.478183556262561,-0.682706605763558,-0.513157982499118,0.410650514231095
0.0982719309327437,1.06610268437664,-0.219160653899728,-0.448890499888346
0.222763552028825,0.21792690991231,-0.275143450971411,-0.709676063028738
0.32638808648427,0.697800221520556,-1.64377150706938,-1.45720406104054
-2.60126862619487,0.911637479950543,0.678266250489179,-1.41759645000403
0.353843677552644,-0.507134896840544,-1.48860949103117,-0.264020690520718
0.585547589286672,0.267385200686626,0.345458004978349,1.2527868090458
1.10246269157661,-2.52692025177042,-1.54654749553771,0.0537076840986283
1.56442852049462,-0.351222832836138,0.956413629126857,1.54571970712446
0.877081387486636,0.846335475711249,0.822378750667808,-0.602236288764586
1.01462392366859,1.01884847499035,1.87245817496444,0.578602600231311
-0.422106919518758,0.594545830481905,-1.18582888580127,0.124398605835855
-0.546708463230354,0.246856797447293,0.954899796988468,0.362650090922231
-0.864994491272374,0.748586771913576,-0.215424857788577,0.205401537908923
1.63388660497806,-0.927948344686553,0.215958394156016,0.777727573620663
-2.04566836994947,-0.674439400656587,-0.414164333478325,-0.00773183144031521
0.256732445128801,-0.912534514450111,0.415046268850245,0.968502349122963
0.0399818687732763,0.351892765401576,-1.11134482368691,0.490184917432232
0.443885007827916,0.0627806044708449,-0.902131112277193,-0.00953732033365802
0.840796391098779,0.393917044558323,0.820606953567625,-0.112809987537774
-1.36122238319406,0.390901574111322,-2.88614912498486,-1.27667121119404
0.799110239581399,1.16127591931519,-0.272773064564488,-0.648600599019152
0.401890919389888,1.74197897662288,-0.444030506514711,-0.263307562979625
-0.064551088012137,-1.30913466488664,0.746511110155203,0.935634309069237
-0.451935076923305,0.434757453696401,0.430621324669046,0.791319019046477
0.391651714170855,-0.608092801083095,-1.35425784600741,-0.806275012776523
-0.754227985413387,1.41077825366179,1.48288035944086,-0.476322723291209
0.399849485905358,0.699357750880307,1.0557282438841,1.73713939902695
0.0087367154715977,1.19161191262195,1.43773515097209,-1.41251709469622
-1.65628725665854,-1.23629565562561,-0.972899813011442,0.179352063176733
1.7335678294406,0.0823008277314867,1.90461769269349,0.277655959574592
2.09133483327576,1.61284463522789,1.20562199631678,-0.501703223407696
1.06394006224043,-0.865434757919647,1.15679760377934,-1.37249045907921
-0.413421843213638,-0.995189766402112,-1.21017318376228,-0.393517451126126
-0.589044936428341,-0.14339993799626,-0.0680292317480523,2.68852433056932
1.08976676358325,-0.668272601529074,0.188278619044299,-0.10976677752305
0.940431459043199,0.833227985417677,-1.36850796956361,-0.223120966205164
1.09669737188166,-0.422131686590925,-0.201470462297899,0.179366928287778
-0.267461708043354,-0.208650674476402,0.77750124734932,-1.1688159402078
1.15052514849622,-1.34886543032903,0.314903238411214,0.751196527199891
1.78414809991051,0.353948999694979,0.241264776406274,0.719396102982843
0.166830061596478,0.674246073526959,1.44680593483769,-0.348145175404448
0.185652491774797,-1.28368428680829,-0.754624453299219,0.0593338459343979
0.0354483682218845,1.44958453509574,0.793090377704377,-0.50503847808422
-1.17880670222453,-0.928706832667332,1.06762924035012,0.689891731427373
-1.15829050655441,0.455763594182798,-1.30712067167412,-1.6587787733223
-0.584139004443496,0.173655478839017,-1.99068784495532,-0.22225099823374
0.463172010782841,-0.874420233037785,0.960574805077155,0.623421655165673
0.262791068186738,-0.552189300181318,-0.250715913133474,1.6873364383445
1.21839519631881,0.948999857957505,2.39520132525321,-0.908501501508117
-0.890834893182162,-0.0658948119442487,0.318634363552171,-1.11862209635986
-0.109259812628646,-0.16245267962003,-0.0275350334105611,-0.108211010065327
-0.473507060280221,0.928616831247081,-1.73091803863743,-0.0575192355285753
0.199502452302796,0.380701291636888,-0.80939744578196,0.758042251915415
0.627385561553582,-0.236219453668323,-1.37869986563734,-0.114388107013693
1.69196254471833,0.190561242869662,2.84874403329634,-0.574018283429559
1.66343831012612,-1.33193696954301,-1.279630280305,1.88993924526386
1.85296489815739,0.260900204202877,0.621393095227546,-0.329153039991464
0.622595125918954,2.19067505966995,1.34149424244086,0.880877843181363
1.80336753128943,-0.22355073914797,-0.323811722111334,0.744416337659274
-1.10586895899829,-0.558228173337348,0.144383470867056,-0.439742707587809
0.148182559359898,1.37485903096621,-1.08185278393076,1.66243635837573
1.4497539900231,0.834479849708939,-0.00597734207346083,-1.15579864674893
-0.293862666649076,1.41825778478758,-0.361005684089181,-0.937738738780248
0.476037320045513,0.592403021321262,-0.753344538203377,1.16712179904481
0.762420007734476,0.409670706675348,0.596977086486986,-1.55745823944199
-0.211335027783022,0.688855928032327,-0.832739370686009,0.637357198884172
1.25192097145159,-0.855891535546151,-1.54502467571834,0.197449515466589
0.543694710247719,0.269124301191455,0.822990237351172,0.739473320762706
-0.789674097566898,0.440311891829922,0.201997905093491,0.781435892320192
1.17856196494562,1.86660152850446,-1.62284828656789,-0.665550918985606
-1.23271405613741,0.857132090315397,-0.703822877630497,-0.684422309402987
0.942811995418926,1.6366827702832,0.851246099895573,0.814295613579638
-0.802170545646519,0.0586833054415583,-0.997512301769354,0.888384026333753
0.609075511086406,-0.841286186141907,0.774894794932878,-1.11367173348657
0.442054013272985,-0.814155313856356,-0.327474597347236,-1.23189169431553
1.17505009049336,-1.28899268625967,-1.41795704082351,-1.07465982098932
0.417437656928178,-1.79623981939231,0.470800362199456,-0.0147790602894336
0.848560686198808,-0.37715379660842,-2.48890361390587,-0.0210603638865698
-0.71222130789425,-0.480849572450868,-0.64683985155166,2.32759188427814
-0.0914883244165588,1.41717620939511,-0.0859842009139841,0.537578617769642
1.05786711870467,-1.62619427460619,0.250921910489007,-0.150933762659666
-0.840744443808872,0.15895716488783,0.257003679755467,-0.52794019949943
-1.02009905686298,-0.427968097911214,0.114574862295207,-0.535056473700789
-0.161222092011484,0.657259424329231,1.38496025874941,-0.619871253094748
-0.12161964954941,0.772936378152903,1.71463081572181,-1.09414715458447
0.00227876465127705,-0.839800257326232,1.83194492131541,0.174764410984371
2.31791782237971,-0.1699602174836,-1.3113128640567,-3.18918610643503
-1.50340811590575,-0.215953934243082,-0.806461300793105,-1.16944424186678
-0.917957074334785,-1.05217728142542,-1.25868184521442,0.991563499846736
-0.823408826572036,0.117762836397598,-0.418445671108985,0.149196928334611
1.44663710311653,-0.364666423193601,0.305340581221212,0.554631070423332
1.25017739255138,-0.649700964025581,0.18706179676923,-0.589690702483591
-0.933461622134237,-1.01757868492357,-0.231192409164056,1.40956455320645
-1.0680968901533,0.0581763553086045,-0.155301426683517,-0.297443677420138
-0.330875222600662,0.07883273012598,-0.41808374042322,0.587354813049546
-1.99402402553584,-0.644140130297111,-0.860649608648606,0.0136732767186403
0.492572298755441,1.59992099632912,-0.733647067905097,0.479094516876518
-0.077663050636602,-1.16098375180673,-0.829051291306179,-0.441453852528097
-1.71689797109841,-0.189315697763474,-0.507211077954383,1.24400780549596
-0.237914125201134,-0.727277841774519,-1.39454099422648,-0.517633734430542
-0.0450767462632371,0.856030710683089,1.23287586812319,2.85993663383947
0.836517108817736,1.11576331613128,1.95111699049286,-0.161728735063497
-0.0546581688862097,-2.46120436280051,-1.30888435684359,0.126126493805749
-0.712897541973411,-0.580223733278719,1.25552093487775,-0.620143602752065
-0.641242754246421,-1.90342670044957,0.113244143951999,0.733028625007077
1.35189190348714,1.83669092425245,0.0267545458181078,0.188879480095157
-0.303225276304267,0.139266047194824,0.0584569654178771,0.635331325238311
0.298306520787785,0.438840687184399,0.457153650450167,0.713170709295136
0.406006126879321,0.0166670363461385,0.10271365536439,-0.768887741449215
0.444066919748991,-1.55689603224039,-0.86091686566605,0.825866376973108
-1.50175986696481,-1.58464088388105,0.138099933242379,-1.18988737780151
0.687200526409487,0.881420659715242,0.874539627062147,0.153363028470634
1.18763919384774,0.362035080919156,-0.235909539606058,0.912622167357091
2.05528511410174,-0.729857281791154,-1.22442065535727,-1.59146442510994
-1.31749173927412,-1.42869016738371,-1.65130268614561,-0.441399608592731
-1.14268778582837,0.692404334339715,0.622705635129701,-0.402960952747705
0.440787497235852,-0.905791592082889,-0.0639213043292653,-2.06230271816286
-0.506527344100333,-0.298892255828553,-0.593243113086633,-0.20256487619833
1.2511625108288,0.788320444546589,0.225603363522552,1.40758868957049
-1.51261390155335,-0.883609685930349,-0.695993002502861,-1.40739406899524
0.371930404777423,-1.32420349383643,-0.0823685875750121,-1.09945170416749
0.38663280046535,1.93266550607338,0.285876083075394,-0.393075493057358
0.884497799310296,-0.52275980763519,-2.03889297449334,-0.059463044387427
0.902945421002935,1.79234298282381,-0.984320528114096,0.104925407257234
0.112032032678918,-0.466197814954333,-1.32163677757622,0.1889952180983
-1.65511237263211,0.427162210957329,-1.23730985692168,-0.278202451547745
0.330135707928764,0.523183759821837,1.55250207170482,2.35919691735473
0.378421949544665,-1.17717025020021,1.18360405030045,-0.447634538850182
-1.84765011968347,-0.737138692521686,0.76433552342133,-1.33535669978886
1.12400655516941,1.86640407660091,-0.370783344262779,-1.56478148601421
0.108392058969154,-0.0236760890253119,1.18452861310422,-0.199479557107137
-1.11639842385609,1.06054884200624,-1.22114388139346,-0.539683716567268
0.273219845406362,-1.63951326628816,-1.99597404699554,1.04956872035465
0.956232893297573,0.93308721049449,-3.02704571876399,-0.187191431582002
0.583652184663977,-0.302932622972071,0.227313544381063,0.0792020596796242
-0.405343062309264,-0.175992828035779,0.0364706090665567,-1.6176529989762
2.36056236707844,-0.537230026443616,-0.790091466643966,-0.239937983315594
-0.186566122419816,-0.0726547183281847,0.48915850008,-0.271886923602991
0.332457884923122,0.191757992808065,0.0423672998562453,-1.40303650902349
0.477480979923099,-1.73325152432565,-0.302558551826962,-0.912951650028496
0.945988558385869,-0.801618673004575,1.2742216233878,-0.873191554689282
0.846452117295668,0.451812412176331,1.43994877106216,0.827193177842784
-0.019254972005391,-0.12193214611296,1.04242536770994,0.558026882514199
-0.132087420214518,0.104269351971405,0.596590680865512,0.694424949975105
-1.07983113125891,-0.29891338930648,-1.00146535212659,1.40582153073401
0.416384551660797,1.21824475185159,-0.248326516397447,-0.321394590505842
0.71357703479764,0.00198088559704609,-0.0444055732894623,1.18305691015126
-0.420956439603431,-0.0793336611752511,0.14958578345488,-0.265734673601599
0.853102288403864,0.69011247269733,1.11791338203872,1.15617986844195
0.0623769123231979,2.29623097778563,-1.4194705124407,-1.25304602409505
0.524348667259868,0.54465183257037,-1.35561906468423,-0.604202960843697
-0.742084147829789,1.15962044556114,-0.0600459600045728,0.913415960766171
1.071473268653,-0.825720230699537,-1.47090759206017,1.65745634787285
-1.29036845285224,0.0737480248594511,1.11670596384515,-0.038877583834506
2.09818317022897,-0.493216045058824,-0.168146609754469,-0.331291452184084
-0.178539127990153,0.894698323521811,-2.69280124922705,0.626066840821814
-1.404679097393,0.144196262966656,-0.238479090814592,-0.120643584601851
-1.04446826822157,0.641986692206216,0.211411132514887,0.0136256983844964
-2.00067228857843,2.68177484987751,-0.77125059809312,0.252213484446859
-0.204234603325688,-0.657919205370567,-1.26580965679209,1.0895061399478
0.189138778196092,0.553268655008738,0.0130261887470164,-1.06556590016621
-0.643774536199874,-1.02891451104272,1.223885485643,-0.441254808830028
-0.169024101222119,-0.73079070516968,-0.479462222356082,0.600319646411984
-1.30228364642279,1.10692029336161,1.11030898866863,-2.14375790027801
1.01718709060793,-0.0832283687795578,1.40120355190492,1.29544315368299
-0.166083725763023,0.352993616845014,-1.26406262745094,-0.648599701013159
0.285401740533644,-0.716333972116772,0.86561315233749,-1.04436247308976
2.12217419111576,-0.130086492461006,-0.107980564945206,0.167576337238251
0.97602105146384,-0.987757040660953,0.24576190325574,2.23377741359153
-1.18724962621434,0.593445686826744,1.75519625666133,-0.672281932964844
1.12471974763691,-0.915272823520527,0.980495074810237,-1.49461631904507
-1.66903888136901,-0.31928401625837,-0.482457124875391,-0.133160098464251
2.86932753114914,-0.43134785692501,-1.50083173493229,1.17023378386562
1.47510824892149,0.155201186793394,0.363113909999487,-0.277110287899164
-1.55955382009392,-0.40294480146142,0.527572661503673,0.599735644669966
-0.840713390285071,-1.29513325339756,1.21357441265338,1.15660906509776
1.5521299362168,0.28009914866019,1.42939833345956,-1.71383683975675
-1.16014991254167,0.762910501226987,0.215458852795724,0.600073975344566
2.39946449134899,1.67049800540912,0.167552997982991,-0.517072254128232
1.32560851810035,-1.45280516329579,0.440723940671675,-0.0595924608676152
0.835960815401656,1.42507694536972,1.08344626295578,2.24501021264297
-0.452411747316051,-1.02409117303114,0.167405046590996,0.252268328862678
1.6722051022509,-0.186805476866261,-0.389052596533895,0.810778900487395
0.181666022418198,-1.2110648741674,-1.05418173111399,-0.989657753295806
1.08230069478159,1.52855868136876,0.0136392328017951,0.430177724937883
-0.574339432054787,0.13964252633843,-0.0152770016331879,-0.123568108208646
0.813003478177536,-0.0427132349614842,0.00041872417518068,-0.231929337704031
-0.972405011976323,0.436839943393309,-0.394162971603446,0.557947656995286
-0.536004058951526,2.85613088783249,-0.591002484435829,-1.50429536972134
-0.180293620091198,-0.656474025297409,0.925972690696732,1.39052776902899
1.20255654821247,0.447833087822636,-0.143470359568202,2.28263600626823
0.182634520906344,0.0970799341271092,1.55853740384044,-0.441200580779908
-0.452925304853166,0.17098212263026,-0.78294431746214,0.518804573838924
-1.04503325684861,1.11503425388666,-1.84394727346894,2.053861151768
-0.737269411782967,0.20285431550106,-0.15997257338173,-0.882059097299561
0.314212127886257,-0.0787893747449257,0.911943974043973,0.0471264794105824
0.358336547438042,0.315623451363177,-0.153480072072986,2.30863463622962
-0.285008962297891,-0.713746556369175,-1.57886169108309,-0.925260469371071
-0.672371847729277,1.87501507016515,-0.582670401367888,0.955478821523788
-2.07169289805158,1.8597519888007,-0.0390386053295887,0.473501010253413
0.378109771820527,-0.796525173985439,1.3043064867744,-0.363129456938101
-0.372545826220729,-1.88827924579304,1.12330243797358,0.361853678481415
-0.0454864601525843,1.95169632479286,0.811116122781701,-0.332192091893926
-0.137606043038109,0.492345014924342,0.471382117682474,0.76038465906466
-2.04566697775212,-1.40656942486375,-0.813600361014787,-0.509569485214936
-0.0881348355347213,-0.810864474610165,0.81115221155127,-1.7571523211675
1.80325813155164,-1.02953732673204,1.21840108562617,0.813197717806123
1.84942278547432,0.131430796048041,0.742200100646031,1.13232732088381
-1.50206357279623,-0.275341374300189,1.17654312205179,0.11153896347961
0.0305167312413108,1.37479500350296,0.30410729998282,-0.830126638963554
-2.07929234595201,1.86164249953022,1.01855144503343,-0.482590012721979
-0.591791596706521,0.909581324222176,1.40356857776285,-1.31718431349308
1.73765802746496,-0.0212244551339766,-0.96828360146562,-1.38737601474183
0.832202373842384,1.11766911663723,1.51913192071641,1.13239345345274
-0.343229784516763,-0.747612474183573,0.76486829955584,-2.05851452686204
-0.395289289056012,-0.649698500999308,0.705371760342561,0.558693499080777
-0.0818653362898174,0.0244210991546445,0.0735477699279826,-0.384175028057493
-1.18312190409505,-0.185507451338307,-0.955012525982316,-1.32565555519199
0.100254608889982,-0.775319743901906,-1.25008980491088,-0.232507509578728
-0.841215555873698,0.371213747781675,0.302697041617515,-0.189051299337589
-1.35460891469248,-0.624943399041277,-0.144335636573246,1.2023016768504
-0.824252609917138,1.13423841676414,1.06502977207387,2.39883323295012
1.0454890507708,-0.351299467301722,-0.0163205357692386,1.82290899159925
-1.05306643299546,-0.360930048877003,-0.371086502233272,1.6269914642286
-0.957467223830518,-0.0639032150351381,1.5113711153913,1.61588635938788
-2.32449891688899,1.36192184066441,-0.265342733295722,0.92873539670628
0.542003825833966,0.61107487220231,-0.674460111123347,-0.454516417334737
0.0872739669408552,0.364213066363244,0.671559277515228,0.171172924613639
-0.386901805789896,1.02507875746981,1.50322016392463,-1.53059525910518
0.907217981416654,-1.08426494447674,-0.976873614932792,-0.777832675853036
0.020467229128197,1.14673193627733,-0.273216955429388,-0.873034514793412
0.575108419945759,0.00875398014453548,-0.345333580288122,-1.09017130238436
-0.420529513231707,-1.44350387550395,0.0327947685765251,1.41265589165171
-0.634733329856039,-0.588157877094182,0.331178339211541,0.500047962609191
1.1027828462166,-0.365650302204967,0.7300686247158,0.264507054731177
0.833467456138272,1.51963782370557,1.04706493489168,-0.0113266279824093
0.913793954269981,-1.99743908517994,-0.729642170281023,0.985935291656512
0.416442024405624,-0.346913360454757,-0.013960339227483,0.884637768598395
-0.12223648104401,-0.964888832576543,0.787606043660786,-0.904861863579162
-0.868707350583205,0.269592443334572,-0.594477483010278,-2.00382435143443
1.97856794433333,0.0181888905579539,0.456318829076642,-1.17847443705294
0.154337034721032,1.05559186416827,1.74418409412504,-0.494871119028844
-0.343966999403328,0.991049481939802,-1.34251068086662,-0.00324293186600494
1.7704099411341,0.712670060379596,0.72420916681353,1.50340582686359
1.68640417523098,1.79564472276236,-0.0722267927390164,0.634769334875039
-0.666113909945731,-1.08168674572358,-1.00118337619407,0.685444668607466
-0.00259399312365598,-0.492533775468942,0.263312888069558,0.810478299570455
-0.286000278765889,0.964597393005184,-0.0494673636566712,-0.130425767010414
0.956645018495331,-0.583063862376813,-1.02376315514016,-1.0740831668591
-0.313052552384939,-1.2492405101132,0.0198757838998294,-0.897543254705905
0.272647072247265,0.350002521064218,0.584447830871561,-1.35723063236369
0.0414521225778085,0.8144417092895,-0.197527824058765,-1.29269780618488
-0.00488185240666987,-0.516666126824208,1.79749354722426,-1.5172073063295
-0.976219228606303,-2.69226440296034,1.56281342990307,0.859176030743799
0.144050084247542,-1.09695464068111,-0.751262465191356,-1.21461753377647
0.456619218695199,-1.25547507523776,1.37841082692889,0.619055380663752
0.0377499344122749,-0.637210777689725,1.26146847671117,2.34537993067925
-0.370973645420588,-0.390916151927342,-0.647407029764523,-0.198027912485171
0.565148530464291,0.994421972046409,1.56889017974812,-0.184007671076338
0.121622642894301,-1.4230196632892,1.66575790352885,0.838737527755983
0.832894635999585,-0.611009337657888,0.626183108316495,-0.0145075459885022
-1.02380993859852,-0.738816743966458,0.892124362277247,-0.763833231605356
1.94717122293365,1.42907164060281,-1.01261509627113,-1.41953834235091
-1.04415408185314,-1.49158469592002,1.86411813793255,0.0933118694913043
-0.491334929391864,-1.54572840941,-0.5936631914962,-0.427150503032877
0.750693303487793,1.03955625118711,-0.360558619329931,0.392367468010023
0.389697613859513,0.0341473607128104,0.511570775289022,0.282013838236583
-1.48640617585654,-0.582492452949291,0.103141817684016,1.29802839581992
-0.631021883341459,-0.721367743914244,1.68308408170103,0.600218839205042
0.72712461202541,-2.58489551443653,-0.734866705641252,1.13641129245042
2.14944999847516,0.271229173255662,-0.537756988088699,0.0696744125654669
1.71291745793914,-0.141992951307933,0.263265192295681,0.815918700985696
1.9541579949905,1.10391731154999,0.56358707830839,-0.247314784417699
1.14165526601341,-0.476095658518777,2.92890073765466,-0.153636906688639
0.48586452722185,1.00904950741942,-1.30002668088558,0.0746809416916121
-0.27810990814623,0.252455785120805,1.11674868817054,-1.11026361719629
0.673627711620925,0.741050015880075,0.889579274958517,-1.20558448472509
-0.613720157263801,-1.79597414743215,1.10273386310226,-0.290661224565377
-2.00315586409145,0.991712732321556,-1.26904616094272,-1.40164554337845
1.21228101334184,0.782987738818558,0.363893209127911,0.095682588507896
-0.516169940697678,1.31355186271327,-0.495790294461392,0.798316598496388
0.726821602559821,-0.0557615967622082,-1.75314656659443,-0.882446125897466
-1.72530302830821,-1.08483671576444,-0.902215452563371,0.0519890587224565
-3.46749014053051,-0.141974685433015,-1.04398276513521,-1.54098229380283
-0.113366222613677,0.754743335139541,1.63771480212514,0.934875725666293
-1.44717194540249,0.881568481851896,-0.707736848552588,-0.357174502316491
-0.369244736191022,1.32965790105899,0.897975810526054,1.53051861226007
0.339561339313835,-0.0663639011771357,0.60592517751456,0.0418094360662308
-0.536169018574822,1.57859807129761,-0.794716347946563,1.85985974779731
0.030225684980345,-0.788413331284242,0.538171974115534,0.334886687130995
-0.724943075530093,-2.67943701237694,0.556373474234109,-0.18966487420983
-1.09723951889746,0.228813525819039,-1.15252941902685,1.01206499539579
-0.236897258851101,-0.0354772091216562,0.725120654689117,0.529949314004044
1.01289298630273,-1.30403252015721,-0.00543950784984736,-0.555519973414701
-1.10155882951385,0.137886340389489,-0.239429939410603,0.702250024275935
0.87508686066438,-1.23609678483334,-0.885321526657093,0.630873707780011
-0.543361285734364,-0.8354309531182,-0.174061043295515,0.372917673711702
-1.325192575428,1.39926477342309,-1.08485155565336,-0.356463580925087
0.634937003278403,-3.05812274638343,-0.0239894760659167,-0.0502266005733623
0.730203038317124,0.319838091373581,-0.132753368038248,0.878862808907991
1.16652154284273,-0.456855638009079,-0.245289947053769,1.12468748523873
0.592739363493489,-0.622156929067873,1.11370060543598,0.297891244345568
-0.042944645562958,0.130613555640024,-0.619107782374149,-0.806874855635072
1.52101671163447,-0.482700177567511,-0.132324803001531,0.753812887631443
-0.437363048941313,-0.533934670266231,0.863847975957668,0.149893353102687
-0.0852105629885052,-1.38737201285738,1.32097499885475,1.13737163177908
-0.330301353901466,1.59922391528695,-0.104238754894299,-1.60142605000689
0.745570489794214,0.905379741940317,0.0652536747367251,-0.744160153516132
-0.375118978717076,-1.26858131323938,1.099134416359,0.532656441337799
0.651792945010507,-0.313621099490744,0.319835560866633,-1.35293498302923
-1.43474421331532,0.659389492006261,0.331826954305442,2.74869116959292
-0.77915763378943,-0.563385903834706,-0.260038290356082,-0.851797058411363
0.293401898890875,0.0448672654869373,0.0998192539386361,0.447210710627482
0.193904035749299,0.117080936615634,0.00724071688079461,-1.72797425500649
-0.699101702797779,1.63056369553001,0.576012131181961,2.20505144512363
1.39154886537592,-0.784991866770306,-0.145321250629295,0.725815431282296
0.81905863440206,0.766974274773346,-0.307188837918487,-0.51390709879415
0.0861944196129517,-0.593421250324587,-0.0749796735619426,0.261131714601403
0.295126009159854,-0.276484609889604,-0.459219901074889,-0.710477164451562
-0.267514353046628,-0.0497915302407789,1.54810614854915,-1.71944851395274
1.21731707848943,0.312162856591727,-1.05980397324969,-1.08945880275189
0.37059370468417,0.106990675093955,1.2126046821893,-0.911419288341439
-2.00072094213404,-0.481422182887622,-0.0104457896309208,1.14134489632312
0.0317639392573996,-0.0127098688594458,-2.02055705772414,0.46620878824698
-0.049580863194301,0.253134521816688,-0.544876099049932,-0.370388308034412
-1.01721427522611,0.418049833386118,1.15598167474767,-0.256257861475329
-0.369167110386087,-1.34161739445306,-1.2929197757468,1.07226546534951
1.71596712618676,-0.220873079467586,0.132514461575596,-1.00420325447998
2.5353470759734,1.80159335709421,-1.22797222051084,0.599403302695779
1.08965841440405,-0.568218360145234,0.0810471058153915,-0.93436541172637
-0.444511548722014,0.0520012348941632,1.02372136134139,0.716653796030982
0.992464847289877,0.99572628701801,-0.205238018545711,1.25694026298972
0.700825360379763,-1.21992060687378,0.956998418875964,-0.437376196501637
1.75761505825842,-1.31922847182848,0.728954795421616,0.456829687646366
-0.649686186643242,1.17018752212763,1.20944426976428,-2.20555688955753
0.886951944467952,0.628303269633446,1.33268462976444,0.32384533359146
2.61914186876191,-1.10488914382778,1.00041045730859,0.314399515561469
-2.10174407191339,1.47772473882889,0.390476535369779,0.425633379045308
0.877830613013444,1.00795474851833,0.0622881857961604,1.21633413359474
1.32203281409314,1.7495283281769,0.137638812385161,-0.953562424466382
0.488794899725128,-1.20961677478583,0.363314588085867,1.39937560676313
0.574214542604287,1.04171040108788,-0.900476186439797,-0.960676911927524
-0.754463268598895,0.0981616161180647,-0.59429765043511,-1.63496455951146
-0.735498837924477,-1.91261664637189,-0.498031819112054,2.20591227135873
-1.02513096565978,-0.845393596769094,-0.524178797619665,0.816438255703914
-1.71926236378272,0.738740740600385,-0.281529782162656,0.763474905445859
0.432840582400075,0.767169444173513,-0.055502568633025,0.631216956640548
0.110807156373659,-1.47455554188735,-0.794798686051251,-0.208711655187107
-0.0294870827573422,0.0126818245993348,-2.23432499818708,1.0086778109008
0.157066617984318,-1.86405223996209,2.01752322047439,1.43596770416362
-0.413818125452604,0.885298128972816,-0.816473402087086,-1.56168905216946
1.77002061352102,0.4924302648451,1.02206117151421,-1.14302636105406
0.357371337321231,1.74707400868082,-0.617647674785591,-0.722596593260511
-0.0207384258951065,-0.261999285583627,0.499715646239051,0.525831634256913
-1.05970534168394,0.499754578712941,-0.136847479122566,-2.34414358896845
-0.981906282668791,-0.688898768700806,0.601374805102868,-0.157429480539448
-0.749614085475107,-0.982579968472713,-1.84896237409649,-1.45085080828598
0.469876168757493,0.98070049604661,0.237677214798051,-0.345191700473056
0.916287002054607,0.923316479662903,-0.149309396415536,-1.60699047340335
-0.565954247517361,0.330687285267199,1.38733458917175,1.17045205316643
-0.840655349698418,0.456662527558143,-0.331321204454683,-0.276035101610547
-0.730491776152422,0.31694184017936,-0.388060670047731,-0.194705861996096
-1.08412632207192,0.409146926530313,-1.83895292448986,1.49209519404243
0.1096292550283,0.189341797037582,0.164234131281735,-0.864814897070758
1.22445816022471,-1.3194093871981,0.618905974167327,-1.54656060462082
-2.60640737102556,-2.00121000954031,-0.234593704396421,-0.619364751207046
-0.079036298238285,-1.31815204971512,-0.583311910599749,-0.65272192246535
1.31101143367217,1.2465489558355,0.360332077010547,0.350356614408586
-0.788484767580048,-1.11978291354669,-1.1963427433009,-0.315781872662742
-0.107854506831741,0.600113097156557,0.314724390171351,-1.41119312519735
0.794524440389548,0.798221759096071,1.0123873950144,-0.183980050914444
0.365478048006868,0.18388078766323,-0.164407004838077,0.596546581983446
0.330255938989865,0.323802972576936,-0.388291523709448,-1.3434200966493
-2.28682734659651,0.650494424541274,-0.349146939138152,1.00097515418795
-0.411092535280119,1.58297954237461,0.485923668062809,0.707530081680361
-0.188516883345103,-0.00195312365451891,-1.27294850421318,1.50048061976527
1.06045652313553,-0.308821787027478,-0.842351247454087,-0.327858920450055
0.318694623895251,-0.623122684555897,-1.49321763791648,0.422608450965959
0.757946719392751,0.938155892129959,-0.266922908129746,-0.873192571887215
0.854643427914494,0.10267905941179,-0.0378021283944908,-0.25660425262195
-1.44947500706533,1.08798007516672,0.08609396739403,-1.05387207492976
0.541795180391114,-1.35119999550856,-0.167913783865368,1.07547944244412
0.507768765250309,-0.455781033610067,-1.82927089117215,-1.44825998440898
-1.28983936850713,-0.25083562434288,-1.27704373641474,0.614687715561383
-2.08729404128126,0.50534710397092,-0.295919836775165,-0.683645666438561
0.244182500604316,0.654022286791513,0.27580604991679,-1.04794090296014
0.457002597062591,-0.215362310370286,0.187964744297138,1.46091767161603
-0.691778271959658,0.226742328134084,-1.04871482146234,0.106958230099857
1.02462607803102,-1.15733910758091,1.02167750131776,0.333310370005277
-1.36797261452683,2.03280027895722,0.0453630999514925,0.194509270110642
1.93685825415602,-0.258620547953787,-0.34922956089912,0.652578814947499
0.615346706598467,-0.0981801231087492,0.268663524214536,1.47491837971606
1.49020579147593,-0.353161254132741,0.852789539234794,0.0620263861899982
0.816269094898657,-0.99310543451176,0.602054964782769,1.22091119465961
0.34506568921283,0.868923149602917,-0.395955361635215,-2.34738248877123
0.392554733764943,-1.81638425913929,-1.18106902313072,0.630115626366462
1.28592362421824,-0.318847782177853,0.862933971331269,0.422848197763899
1.11504094238332,0.124840803991352,-1.04514527242289,0.180887564900774
0.251925858650462,-1.46899195618022,-0.686447850288122,0.127099437362761
2.05156536164808,1.06850860216333,1.14541061392117,-0.457625390723158
-1.05322914728107,-0.482179828056362,-0.527161039368722,-0.623076067904706
-1.30335657970002,0.659615451932949,-0.25578454152161,1.0956475467052
2.4589646194879,-1.81763578783656,0.473075498900474,-0.186656775348593
-0.793413753249421,-0.278583121537628,1.33516981321616,1.1814808095237
1.59134943810044,0.0677352549954399,-0.984144075044672,-0.386938795071383
0.821518197756454,-1.35069077014841,0.743183126429956,-1.01348118369913
-0.429274897536772,0.919474362433358,-0.0286450610862932,1.44656213577428
0.0142960485232446,0.272527744349669,1.42108869022006,-0.0984901260055401
-0.402439401426522,-0.0946161945420185,0.960598919602869,1.21728073293652
0.0986456856685551,0.178303766569885,-0.0464116058438771,-1.23200347970807
-0.495890451579524,-0.0539104481702267,-0.754740241638122,0.357918034047249
-1.07420526214142,0.670286243176668,-1.29828942974782,-0.315700054170456
0.68772905198068,0.182138332351512,-1.00994800667889,1.95405205583343
-0.293945093193814,1.53861131958462,-0.442255356623107,1.30768999356293
-0.186111935954159,-0.416552562330711,-1.20756606000662,0.56028484440506
-0.348916484836278,0.874317166067321,-0.143448325440646,-0.506910722681421
0.346742382412599,0.14098363985602,-0.535742096095451,0.983500789726302
-0.97984040002516,2.16178726647596,1.97806561213558,0.721696856710964
0.331478561341754,0.0276192348576938,1.09974633988314,-1.44674605812155
-0.518703643263045,0.128342863330021,0.508279506349271,1.18797120323758
-0.226804865490008,-0.352602254408073,-0.558492355752965,0.857005905130621
-0.493653343101893,-2.08687798940646,2.01685395284189,-0.187570257333689
0.0586544774230282,-1.9738655117554,-0.278674836619455,2.3119814587379
0.440206587745544,-0.136036680349748,-0.0368637196963349,0.952848473501362
-0.862736840323824,0.0921926590068851,-1.93022537849204,-0.513929842073479
-0.57098989603792,-0.690263563046815,1.09456625573888,0.931140803824297
-0.129044919635936,0.615681632550622,-0.0547718066992241,0.409298429359221
-1.59746531874765,1.36182595284359,-1.01552629949096,-0.174945594445712
-0.120267653136789,1.71313622188412,-0.00772866548853936,-3.26214933439141
1.6520914854921,-2.17955076857945,1.07727289261698,-0.431592781758358
-0.362010860589344,0.80984780121057,0.0816606719445841,0.0242896913459327
-0.0392027396733783,0.946646649354902,0.303400263453468,0.723395005549954
-1.10066277271599,0.692901377495949,1.05979348073025,0.352631950240035
-0.332948359833085,1.12785688257666,-0.916927645815254,0.226745773671931
0.517466252726612,-0.147397246952429,-0.249282077814207,1.51321051827006
0.785979287677065,-0.287952706118326,0.690309080939519,-0.0528913738717466
0.158796932563896,1.01932786168678,-1.39513134972696,-1.05568097477355
-0.2341836329907,-0.67661713377551,1.19726096557234,-0.503527347822246
-1.17620695587035,0.892826207619909,-1.0778681835499,-0.184268914374016
-0.0133385142955068,-0.80168592969356,0.26872572369192,-0.574685024548392
0.309625731800337,-0.58717806957032,0.177304050453375,-1.86461704676392
-0.378627997285551,-0.699415252662933,-0.5942962699999,0.595457863443718
0.947117144956565,0.882787586876002,0.21636127581201,0.79153174818635
0.230409386366505,-0.0598882866643978,-0.192239361431668,-0.73615741607846
-0.95351738967164,0.538141731252646,0.893944506694481,0.436223801710213
-0.365080856171345,2.37604385319617,-1.34524456676964,-0.315671972568024
-0.631691645516097,-0.99410790143334,1.29769183878719,-0.29538676478111
-1.26745831573557,1.32718964729678,-0.252828866522159,0.604118740562369
-1.13283588305849,0.623759647909966,-0.741781006315799,0.418114905071665
-0.35119850177038,0.0154155914310925,-1.06294924266973,-0.583640669137996
-0.743249928266758,-1.18122099027744,1.07991563923797,-0.731893832404773
0.148720204239057,2.84546508656049,-1.53857567162438,0.543313021143199
-1.90948334050916,-1.65857471539792,0.137965177633148,-0.999070001677223
-1.36530697914756,-0.764691543762314,-0.596169684860121,-0.704287225146179
1.37168518589256,1.12591957226936,-0.768513198226343,1.3831119600583
-0.35821974791252,-1.55386927556186,-0.16074859865845,0.160304203231936
0.258302523962627,0.440201232522546,0.0587806858326671,-0.443788859098143
0.799707422445035,-1.56657247756851,-0.369025392459956,-1.17789136221902
-0.0719821483293213,0.453151162140412,-0.747674757079359,0.717310412342599
1.2293183188215,2.17671216889158,0.729049301052678,-0.553795211581469
0.817466919571,0.19831272940774,0.661118609918134,0.0968815812460447
2.04529432339423,0.481207671962158,1.64881936081943,1.19012428295469
0.898615110514001,0.726532426018014,-0.988746409880949,-0.219515587913003
1.93038249378531,-0.795898028902544,-1.00812452022021,1.03114925471145
0.0321189318202827,-0.96041834455225,-0.815205748637506,-1.14609504368999
-1.15812007223265,-0.531284943746229,-1.14736472262916,-1.7629072985395
1.07419520091432,0.356689095181364,1.98413193716878,0.327249969745338
-0.305983267092639,-1.07221859325987,-2.50954289457859,1.19037838497796
0.482288585831482,-0.0757479959685197,-1.41180434505841,-0.526348401440748
1.74348458341121,0.799591208318987,-0.759333968608841,-0.255133994076784
0.799182254853015,-0.548070882961771,-0.239634163130694,0.92610990072109
-1.4984406743441,-0.0568124267128896,-0.14794501066047,-0.454611040789359
1.50970573441613,0.174738995382156,1.01481148496636,-1.12022151802517
0.737178219980926,-1.61110951071779,1.28079269441467,-0.825764854661655
-0.102761799909701,-0.165801246959369,-1.04154107009828,-0.172993634200965
-0.671211980232572,-1.20492373985728,0.225096459642073,-1.54881651115628
-0.0377610079164379,-0.254174798990381,-1.68800401031677,0.808753043765921
-1.29463205398619,0.506151267678471,0.891520581179141,0.573994104339189
-2.23987706472538,0.626969021909569,-0.874287165770076,0.842630663866924
-0.780464256764399,-0.889435327793729,0.444844019071968,1.54553917409677
-0.0351132589421813,-1.20385250835597,-0.994963863286208,0.987465824766583
-1.22675156454802,1.77720760311675,0.016892882113848,1.44799889338711
-2.2359932644281,-1.9184592381599,-0.00742458068206362,-0.350253492754211
0.587619016735106,-1.10986784155283,-1.07276863866058,1.16046817067689
-0.780499853388954,-0.324841657999675,0.379612705422413,-1.35011322691241
0.0461050911113271,-0.0727195880352853,3.27590829896888,0.613491242490141
-2.40861082199414,-0.629099259869507,0.0203573007436711,1.65794005899899
0.796288197203068,-1.35334550625973,-0.41621940371551,2.05741997137662
-0.91623458628306,-0.0939130949407514,-0.515186827732658,0.290955961767677
1.20369150153219,-1.28432292290437,-0.360501471386532,0.76451131462061
0.0660005845761928,-0.497926595692588,0.168806737963375,-1.07861899600018
0.21233159309894,0.422550256259989,-0.871752081481623,-1.53376001755048
0.297255896187128,1.03018952702862,1.52163774372306,-0.0123408555423865
-0.106334647695333,1.10109495742482,0.602384353454137,0.292900802591756
0.650562036147205,0.910031050071425,0.923412639155038,-0.13245101256043
1.91376317655418,-0.275446190860103,1.38365760106013,-0.802389842175159
0.309818643925999,-1.75598543873627,-1.08934616679036,-1.22221536911531
-0.12875036772211,-1.56186433607717,-0.936922309126624,0.941244193037909
-0.212151975750984,0.685282413360758,0.328528060071521,1.0059799101164
-1.19314939909264,-2.2864094178025,-0.479894028302119,-0.159137939752504
0.175368676277263,0.741670511700805,0.511160572434252,1.68109469214617
-1.40921663376519,0.0200671792400772,-0.0697608087205683,0.0153230091325226
-1.09286973835163,1.91413993932556,0.705940084746793,0.977118793831966
1.41437989460868,-0.0106532577883124,-1.60707158045143,-0.671403558254217
-1.5346947112136,-2.14362076222586,0.702752335304327,0.605766130429276
2.13113878154731,0.82436043127328,-1.84553238616542,0.660152576360034
0.701720792195048,1.0943847293062,-0.0183323638780197,0.289679285846421
1.76498441952636,-0.41023390566632,0.470499873769073,1.09095134492324
0.452689408081667,-0.294991724611515,-0.794856573566363,-0.133401966236383
-0.187988743900962,0.40394163590037,1.50069989990355,-2.00607830967004
1.6895905176338,0.255442312812669,0.218127441659153,-0.336735245188683
0.0202372234591816,-0.0143496287067365,-1.60975859972385,0.75926864129989
-0.420809420822254,0.0552541815015395,1.56194118142925,-1.87410461064231
-0.580025192331106,1.98312504230562,0.310591488256536,-1.71511380432561
-0.545617365222827,1.09860616564195,-0.27616570209019,0.0227944231451889
0.449052046730961,2.04758884678852,0.724999708576307,0.120618840406489
0.394750837019549,-0.404282461174009,-1.25021542760217,1.21905112735143
0.0644186784680573,-0.411679303927403,0.00167062410266024,-0.0614644550457881
-1.8254701805495,-0.310268086199533,0.283132471325672,0.507967691166116
-1.11699649029816,0.721283781384187,-2.92129601548532,0.27328335419751
-2.26485262133252,1.78350470205458,-0.410088785933338,0.744498787583579
-1.22013688500413,0.422692643650483,-0.690619496498588,0.916152839032716
1.84889391089167,-0.31794469994204,0.355527267647867,-1.33370301395789
1.52197810199733,0.308252633385196,1.11319335478242,-0.683495473248539
-0.725157633773547,-0.335823920192339,0.147656116917149,0.918670629996042
1.24769642363971,-0.190591992314197,-0.802166501068598,-2.1669918070516
-0.137085886270756,-0.969372025375615,-0.0767884500373738,-2.56886469517867
-0.180399719411032,0.142579505261294,-1.01022823332762,0.136214512891788
1.0532763543993,-0.41989921819216,-1.00850275646813,0.033536995485771
-0.129261086484958,-1.0162899693319,-2.50340650921739,-0.347424126184933
1.20868496155421,0.0116297015642492,-0.260967108399529,0.848284366708695
0.293306256787309,0.48130654020099,0.587795064199159,1.19226331534088
-0.982709126904493,-0.158023179103982,0.271445584725597,0.993538815372369
0.406421077190755,-0.253201827289784,-1.04858148838335,-0.176608452534943
-0.0366781576033919,-0.235512964102567,-0.468447377427223,-0.0271168017233772
-0.515967451189981,0.98812574158829,1.13069225005373,0.30496337447464
-0.206680143670318,0.725062251527722,0.739336966168512,-2.12620877503193
0.00953260696301198,-0.0263379551519861,0.539497982344097,-1.00418088565794
0.627762719235877,-0.908474699923568,-0.321164122841576,0.796863123179804
0.0711979675137326,0.0519335122599527,-0.0527015529236533,0.247119563177412
0.208829395829753,-1.26839659634922,-1.11424805110528,-1.30267428394953
-1.27468078164756,1.09714462547287,0.0389199961692448,1.28897849816186
-0.187645639779104,0.369836102824869,0.404575344064249,0.489780626058942
-0.10689441684917,1.48792676892794,0.0548111938749371,-0.602353454176854
-0.360264411741534,1.0912767444417,0.214650211509929,0.0112920285614735
-0.403322068979549,0.45917219997063,-2.4046488464872,0.066831735605579
0.0103764846363178,-0.465009563098139,0.286457004628382,-0.297869271266027
0.00228251652673491,-0.117472987594277,-0.327269178646847,-0.182833232300774
0.475466710989933,-1.19105236703066,-1.26152113328153,-0.148290173533129
1.43914342866758,-0.199561808658033,-0.301435860098489,0.660093459318623
-0.219318993709607,1.16326308160103,0.189950552175206,0.999654436310686
-0.265653647584807,0.167895893067,-0.955436016833875,0.552109462476014
2.11095253670689,0.161522012874,0.0213242036088949,1.74588497893553
-0.409013787435347,-0.434244664807243,-1.17883417284646,0.620484014298819
-0.554464303860047,1.324752381568,-1.08167529695,0.322623762157625
0.511536773877529,0.526762961654402,1.81414609935703,0.840445369361455
-0.138032449761651,-0.850347844384154,0.774055477159116,-0.135711564020889
0.480892354161079,0.288478102005916,-1.57932497544814,0.732306087714431
0.77343442462608,1.10759012504641,-0.237648907554613,2.00517207805254
2.79615221495129,-0.260440283891997,0.131156276311986,-0.208088612873713
1.22967981091528,0.0402260588108364,-0.307466456765344,1.03446706476585
0.94277554856771,-0.347257162187248,1.0952089417745,0.0248371823468652
0.306774234787666,1.28571799151211,2.25879155614992,-0.747893378760637
-0.397852620668903,0.118741644833217,-0.579015605930199,1.1336902950402
0.0503078888383091,2.62951179316163,0.844733113514993,0.459163784267842
-1.03113604534316,-1.97724579824617,1.11829159511152,-0.31681036850153
0.812694713853255,-0.0459237775225445,0.406152075937239,1.76159185432767
0.631402325720161,0.890516151635442,0.470348995601502,-1.85658185826634
1.28522671969551,-0.257731834941121,1.22618045720956,-0.0628553659762234
-1.00093298700262,2.06684467978054,0.120933745538538,-0.20842510763321
-0.26145289568192,-0.0111326087247487,-1.97826432925518,-0.130834635112921
-0.973864227162523,-1.03429070327721,0.447248575383745,0.121222119189233
-0.210599397159724,-0.439721331013605,-1.28776572578927,1.86173634509438
0.212110553106329,-0.226026473872947,-0.61217174670739,-2.07549704612431
0.830355876824134,0.106434259700459,-0.239518273513102,1.03720074533958
0.299609421665168,0.161425258200761,-2.12211210045675,-0.76034070044251
-0.619767452404083,1.4887659083237,-0.183595039050664,0.942171680937316
-0.0893364268093194,-0.686026483572009,0.887106977157379,-0.447408819138214
-0.961339643286958,-0.46235339999356,-0.622807288511613,0.861708157698352
0.407181058873308,-0.010895529705175,-1.4864914283609,-0.22192460273239
0.570586542317984,-1.15305303365428,-0.301931767961413,-0.610451747721243
-1.25221171998808,0.208131773523527,-0.57346530372923,-1.22822780912991
0.765068338506736,0.282311615825899,0.310873621923446,-0.997604371919908
0.934933177777671,-1.20080944442148,-0.621560704330828,-0.362884622916376
0.651893793713134,-1.24740761133513,-0.701263342394065,-0.0403492698725768
0.878122462983766,-0.0692910012483671,0.357690960412707,0.514331649330583
-0.942632613491203,-0.679917049696824,0.495845057791496,-0.0762502507946752
-0.892883072332459,0.721209208481557,1.14500500709272,1.23242097768883
1.32572439283186,-0.564325331443096,1.06539199491243,-1.23986666460124
0.728269589285472,-0.0786210003406808,-0.655573374851947,0.55487533609341
-0.305353538243724,0.442190926057339,0.905595902184362,0.916666822054779
0.598440212230699,-0.770604404460761,-1.32473847060709,0.510265148781819
1.81189244087244,0.921097221574857,0.160043407644027,-0.129037134705162
0.188120359633566,0.305361356898435,-1.98726197290655,-0.505369887750267
-0.403674188594264,2.25569027549587,0.404704323369995,-1.40961092548223
-0.581364225576029,-0.31682768891911,-1.07342867377695,-1.54365870306588
-1.15174047469814,-1.97129651580451,-0.0738147669924104,0.698620225191373
0.205331495980426,1.17193207243707,0.27403305731802,-0.31812607113017
0.510267826693316,0.00980504292190552,-1.49987005889833,-1.51429472782324
0.172067784336622,1.60541429225126,0.897805220742601,0.515379385755986
0.352617724653494,-0.966394098848594,1.09648738242962,0.78960679651976
-0.151257783865474,2.63896450180085,0.277361276663907,-2.15100317530383
0.4706365393279,1.41632891445669,-1.2351754910404,1.83821878632785
-0.828003536019888,-0.203069756912127,-1.48467683482397,1.23508549762175
-0.221838047348204,1.11578511514163,-1.50352648318506,-1.26625963195404
-0.0393596647867588,-0.0784415800070815,-0.446322503252161,-0.804221018049235
1.32234516679912,1.98732056206851,-0.106741582463604,0.208349483346783
-2.05940676688587,-0.595823746529404,0.353123764853313,0.364411956681045
2.27322552129472,0.170049645901807,0.79571099126796,-1.19053321330863
-0.700420663154442,-1.03202600920704,-0.518481877194195,-0.637104980710363
1.07925984220572,-0.0906546389243055,1.10109146783194,3.08373953891157
-0.265212222554983,-0.904314736588026,-0.369768085870647,0.937498171832295
-0.28665224532171,1.73819787845621,-1.50075678799885,1.39053798682574
-0.130085916841193,-0.322913631606971,0.713489787805379,-0.793424833520022
-2.43751067763418,-0.59774607868777,0.556979381175099,-0.3076327232952
2.87665790201919,1.12492410292339,0.117951165076868,-1.35137784214305
0.25786882219952,-1.73132809909557,0.49119909789118,0.362437281539337
0.670083154984448,1.0550838439675,1.43010331389261,-0.0502489767645623
-0.594443778600514,-0.711250770865978,-0.330111226268629,2.31181944593844
-0.722516809421962,0.191068319499424,1.01000141216471,-0.318163330993801
1.35372676264559,-1.33785155012305,-0.550857321607034,0.010704375169905
0.790071969027246,0.62040897823253,1.38481651121209,-0.94118578917588
1.11822295318091,0.967863288949851,-0.165597496145851,0.230341910610583
-0.315362893659983,0.347548477485232,-0.232804343394382,-0.783850951122933
-1.33517617751057,-0.664604668938005,0.620238400325893,-1.03844932160862
-0.607538380044804,0.591885836530654,0.607284523395547,-0.104194748610789
1.6635426569481,-0.229687345300043,1.44106491661778,-0.903302610637793
-1.56976222903096,0.183266968882504,0.46998291716766,-0.862489179774381
1.76913808237755,-0.43481271003943,1.0078264999656,0.509764084775349
-0.490518534680324,2.43541243676281,0.684011801529936,1.08887996710566
-1.5673129497094,-1.76198833549688,-0.479974314822132,0.868983501540315
-1.13725258782334,0.632020847385621,1.26728853859005,-0.00517325229364259
0.34980959236678,1.91165512857432,-0.96822851072663,0.0910405396538839
-0.286656645792744,-0.845540405242008,1.02136477352952,-0.757545673204134
-2.5911211112012,-1.70668390836681,-0.895166995835912,0.295147004062264
-0.3680965734985,-1.21945191225634,0.978938635250335,0.998704583836859
1.57093734002844,0.112423812463031,-0.111996250957537,-0.971891257622327
-0.34255432503709,1.41707010715515,0.0350952708732367,0.999246299474132
1.55008979733247,0.67975826734929,1.9314386274796,-0.64969678235561
-0.68340939000027,0.165223728797035,-0.76021714261813,0.430202610728404
0.740074238629989,-1.01161997793715,1.04745059333788,-1.38844193950875
-0.347568912347544,-0.752745058527501,-0.679157178802154,0.171146054168896
0.907751994137112,0.068049177853567,0.0249343251746742,1.31070146790882
-1.8488982829034,0.067991283069873,-0.123363719075361,-0.0782464873219648
0.20363405422316,-0.155411036171212,1.94140225980242,-1.5827634676954
1.35685169078362,-1.8460075801877,1.27219462839002,1.63136643986826
-0.844464389347822,0.251690544800861,0.075376901038177,-0.821920819330948
1.6570126031443,-0.233557347747012,0.134274228321053,-0.980503349151853
-0.404593940625821,-1.58403701292234,0.081714883783497,-0.615504417156263
-0.562012414705507,-1.73798976811449,-1.37831533813473,-0.995564403263049
-1.10941788724026,0.164524856878353,-1.6840708820469,0.197233803889115
0.568638957574351,-0.901450384669093,-0.187146328247514,0.333169281179697
-1.10654264517322,-1.83114622823101,-0.205278035438213,-0.361104383878549
-1.4129372208871,-0.0969640162362645,-0.726485406832744,0.822325056303155
-0.253258038403011,0.492363454555276,-0.892317444171541,0.44579358311539
-1.74282166875534,1.029039056783,-0.0526610312211097,-1.27914094552602
-0.887195626050205,-0.992693558425884,1.78378200048199,0.659617730648756
1.94979547041335,-0.0347514950038364,-0.351007069840009,-1.29899642539878
0.047122023023723,1.12981678378371,1.1273350100928,-0.0837793318336734
0.85695788807293,-1.48893128622283,-0.246389111883029,-0.273474476684454
-1.62194417002268,1.14208999394909,0.309517411997844,-0.798863278169122
-2.17613954465878,1.823191510187,2.17387836696255,1.12619804153917
0.959564457402416,-0.737872948837552,0.294941664948672,0.0258032078374534
0.0980073948902846,-0.135285992497865,-0.648398617928522,0.518567097096957
1.62163486309893,-3.84532016946004,-1.70652962208432,-0.045195276933462
1.04355571570756,-1.98288500690556,-0.513088192302024,-0.884305432351103
-2.22199424682279,1.30189560692404,0.997867271421822,0.581194816879208
1.20288886088497,-2.91056429000469,-0.465406094777788,-0.79685342332708
-1.01817498879413,0.0979401735831754,0.815356544971344,0.849550949134466
-0.0874637834141067,-1.0779604859127,-0.240403654831488,2.41707061116309
0.260475840118837,-0.233212663085504,-1.40245132361352,0.343170309743907
-0.682576350488643,-0.618589226233488,-1.89609645076539,0.674747490285039
-0.767014137269497,-0.191042966446811,-1.0102355300278,0.437213652427763
0.0117492153499145,-0.149035334193069,0.00741535359866215,1.25095003389709
0.269816245309787,0.43464760146585,-0.496765687212136,-1.24918244905993
-1.597252021361,-0.294912924094782,-0.787263734815161,-0.956586822541286
1.77208750669294,1.10082003019471,0.089640627048418,0.0739198338164977
1.34694791410306,-1.05413397984554,-1.09280444405995,-0.0597345451908579
-0.330683240161081,-0.0498101316744652,0.968542779160611,-1.15086770637756
-1.69237277060883,-2.10166164987718,-0.597874523412628,-1.75379726475207
1.0248092804366,0.489213700819335,-0.174148350015402,-0.471632491670319
2.01791891031711,0.147604744805791,-0.903621292380002,1.64517537794029
-1.11751900190073,0.793815389227307,0.547558010896929,2.24416363039108
0.162385595774799,-1.39356757777262,0.374791848931808,0.835205346303624
-1.45651571975901,-0.543216369012219,-0.444936363904856,-1.62032723364213
-0.499899180846013,-1.20919687614279,-1.96934798429767,0.749614934060325
0.628483509656444,-0.0790170636812497,0.159958657524181,-0.540183615684979
-1.44957391980052,-0.823293843581741,0.425828084013383,0.128002504049283
-1.09663822216684,-0.301360428036676,0.490956025670218,0.677509852574167
-0.352978497577479,1.11627133832025,1.0494802263222,1.6599327828159
-0.54258334394923,1.84468259173422,-0.819797433180351,0.134384603027272
0.0179318735696131,-1.93130804196055,-0.738381470699821,-0.703421268235952
-0.116838295035402,-1.35749908415618,-1.27915068350192,0.764942458548993
-1.96357218904775,1.17528663247794,0.857547675178483,0.819763821351807
-1.27974801114515,0.0766433230584245,-0.459581093044728,0.903843672415332
0.146858364488578,-0.989423633204086,-0.797742789296458,1.14379108489799
0.468036730259569,0.695446530402396,-0.0461542338124262,0.288753601819581
1.44942319012099,-1.16363184517882,-0.19097574869508,-0.943263842642371
0.586975202630348,-0.144643579913382,-0.635335873067093,0.133218261122488
-0.0243112845911205,0.369378557804323,1.96644490090347,-1.76213695861846
0.605870895730325,0.79118876881493,-0.740508206117234,1.15080463938605
-1.09838671255217,0.677205298388734,1.14140004741598,0.505667226698908
-2.28515562507822,0.547186203861342,0.600030538978784,0.702695839014471
-0.244057232450315,0.409495753358934,1.81636425818632,0.161088256522705
-0.293948635045302,0.971320390800969,0.109872279131023,-2.39122398897229
-0.821342697424071,-0.351521107756936,0.00902806668842954,-0.60968661305008
-2.24457530408932,-1.09119075807557,-0.616188357010355,0.944323571486978
-1.36588819470312,0.412061924597533,-1.20180700028455,-0.273694360157122
1.4922422055699,0.373357963407674,-0.301643044859894,0.837035825524316
-1.11541324807164,0.989545651247274,-0.593128760821164,-0.937623989119962
-0.02235455818628,-1.00326319133866,-0.515993291573146,0.258120818631158
-0.340972999920453,0.35139421911407,0.372835782644859,-0.548026711622977
1.6864853826376,-0.448644849725143,-0.447169999700267,-0.64915536254515
0.144071118945159,0.65496913829468,-3.41378800539887,-0.185835544381645
2.02723076017641,1.13979987109752,-0.20899787818783,1.71476121837628
1.04504549464797,0.846193971833174,0.188237618848249,0.172215159503044
-1.54754044061895,-1.02150484077852,-0.0706717227085059,0.222438460532846
0.108306582350392,-0.870041274329626,0.201011150367191,1.59184109049033
0.458109487699554,-0.611967304475551,-0.450345071082317,-0.287694905922889
-0.631549410083922,0.439968523830681,0.952372185422378,0.517725254590259
-0.385779462158999,-0.711965551005824,-0.338939735460729,-0.723090852254389
0.0276314120457617,0.210288247149174,-0.458743467606728,0.848355575369828
-1.92787431742729,1.10998565612562,0.924742515541944,-1.34698120837174
-2.13982675801654,0.543333818221803,1.19278655796072,-0.0558260657035301
-0.718784678929352,1.24829176050183,-0.418907825100109,1.12771797949832
0.436311667305016,0.0882687556639668,-0.126638880751514,1.33843952252584
1.12880122213549,0.263862870846661,-0.710161355016415,-0.0864712721110291
-2.42540084828577,-0.983050040932155,0.129867723949724,-2.38974363661862
-0.216331462047608,0.630907022178287,1.74349207373836,1.64524887359789
-0.912677303699938,-1.7367794245338,0.876237101646282,-0.622541704479099
-0.59457736609661,-1.35545756905111,0.645640766250999,0.718177150412894
0.9909431214383,0.364015461840271,0.466623055006779,-1.69664284190624
2.01439167588808,-0.9199486687177,-0.211607446282987,-0.446153975855575
-0.330182455901361,0.372360055117554,-1.66597788151423,1.63106073240292
0.0485534518335418,-1.29657550238426,0.749030435261853,0.342936198870449
-1.74974518988657,0.0265878617994432,0.14488526106311,0.34355431554872
2.75417077742337,-1.69163438788594,-0.518783170964857,0.897984249772551
-0.0314302730181347,0.474113524905263,1.31128160759596,-1.36473363304489
0.710693889421326,-1.75916562665667,0.845613579477121,0.0317768733169308
0.461404423126582,0.266805873781619,1.20996051140149,0.474874628893388
-1.25936035327719,0.0104176163710614,0.747428021411866,1.13283957772548
0.163848022770205,0.932389660190216,-0.762132555077574,-0.809398778237112
-1.31638254173628,2.37206471054816,-0.25495445083938,0.234239931509358
0.0994854077381882,-1.79330185550583,-1.91044562155148,0.666254011057847
0.309249009765272,-0.361486462935308,-0.201208146412902,3.71572072587951
-0.970127460534875,-0.661410045704392,-1.77795578375836,1.58986783807543
-1.37496120142794,-0.681129779903233,0.112229381584818,-2.37058663432074
0.0605687990826946,-1.28936967068043,0.15435442317656,0.0172274128643755
0.100214275587541,0.484367093129308,-0.61828724139115,0.191082073762916
0.10655280715774,0.223443277050411,-0.0232465159936248,0.818162217902652
