"X1","X2","X3"
0.19654977656002,-0.150307477864079,-0.511603722189581
0.650113188667264,-0.327757132786462,0.236937879127631
0.671004187901994,-1.44816529018399,-0.541589171621698
-1.28415776513223,-0.697284584551622,1.21922764704307
-2.02610958278953,2.59849023212988,0.174135875106149
2.20532606437083,-0.0374150136340493,-0.615268316096478
0.231389929911167,0.91349189044332,-1.80689296408533
0.375642260184807,-0.184526498264729,-0.643681105896039
-1.1929685182981,0.609824296161446,2.04601885213282
1.13254984181008,-0.0527268089879745,-0.560762421131065
1.83947679495165,1.36392195568146,-0.835999305852858
1.5278701045484,-0.503633417134383,0.652947502777847
-2.02362702275776,-1.7090601686817,0.441293124842934
-1.04050799863329,0.898549683127699,0.751629056591275
0.09779160179052,-0.237734026494317,-0.277975085155337
0.696840799385693,1.46340758053025,1.12265421625967
-0.5438885166101,0.124378266479307,-1.17260886019801
-0.858549301944023,1.45374084383311,-0.048876767973659
0.229785936335843,0.350226959507424,-0.704140337217957
-0.942643151607528,-0.349025479659772,0.680758638017183
2.04350430210435,0.725598607819829,0.130006761402136
-1.82549539989984,-0.459238429621469,1.10970808177014
0.508792207400114,1.68475923125394,2.05850086898135
-1.99632720673016,0.146584016803509,0.140655531724984
-0.494322917187916,-2.02985709292959,-0.534616652198382
1.48433728415762,-0.472170080106029,-0.823516726518704
1.12176857432144,-1.63237192678704,-0.263033982230645
-1.39986064809992,-2.1783553060946,-0.0696018363603779
-1.47609803629455,0.0592086510876087,1.99180191472057
0.0581058397407739,0.647860636697636,-1.12910954273777
-0.952976638746264,-0.761426888665313,-1.09321743652488
0.405770114828656,-1.32884232612394,-0.407966690317779
-0.983938483895197,-0.602030747228367,0.587559463498313
-1.61012301596989,-1.55052527235048,0.821111859737407
-0.430168767896826,0.703001795150071,-0.907934699241847
-1.22421063279672,0.574503005108308,0.127038606349588
1.0866419673221,-1.59529150956621,-0.0428929778975765
-0.334805580381143,-0.624068861570706,1.19520647042577
-0.0378407039000508,1.04721605508961,1.08919223650205
1.38059132989247,-0.168059235328074,-0.312280694434521
1.85782124241692,0.00951589246488359,0.0459937666619196
-0.0529502178125204,0.417240223978003,0.652722613401543
0.333336200779982,0.626834196680769,-1.65349263659697
1.30909768203641,1.20624313870859,-0.310270965480046
-0.17446224484665,0.772565368613624,0.574872884002481
-1.04362586510721,-1.37756706406485,-0.523232154380118
0.994200366161547,-0.362426925315183,-0.0599182013481885
-1.52463453962983,0.302298495796781,-0.0210075354337069
-0.245253129149815,-0.109079876118132,-0.723653214316312
-0.402155077823464,-2.17916528120393,-0.994479836178391
-0.522744336367696,-0.758114724994385,-0.199867234998128
-2.75360875414907,1.01455115132308,-0.347027822807086
-0.586900242207328,0.158047162065185,0.834095065661453
1.26631293072596,-1.47256043761472,1.52988221249492
-0.468870655033282,0.215926206229537,-0.0119223793666472
-0.619043185207939,-0.158707473207847,0.398671992491547
-0.66613948273847,0.671853873401115,-0.0704153139057291
-0.874739293700878,2.10655860175097,0.601359843881131
0.146021703841,-1.51590013106286,0.218495462278797
0.592780708087627,-0.505063521990801,0.236595501860209
1.44870575010661,-0.138762940342402,1.112915127616
-1.56609128850758,-2.13620500038377,-0.987421149395455
0.395353330683666,-0.031219995960159,1.44786401312549
-0.153233959963217,-0.593169037912431,0.349112412179829
0.285286018572319,2.23560276857964,0.180822010712195
-1.03171726842629,-2.91797621388336,-0.560241851130579
0.0455114176114473,1.48822116820748,-0.163877591582529
-1.15361378713773,1.00802466769112,0.373684804430444
0.659703276387862,0.735091629620298,-2.06371425739842
-0.946189816730988,0.146811992724805,-0.601521948838093
0.0635472785679089,-0.710800295204202,0.58599161230581
-2.12723267692916,1.10563140078162,-0.294481786351775
0.326966861093077,-0.885747065035595,-0.800527545484263
1.10772289770159,0.694761817861876,-0.63569453113499
0.766162876774896,0.402639185314637,0.235749032414043
1.0536729823113,1.07623819643517,-1.63483238484751
-1.35594279846149,-0.596546431488492,0.871229240582207
-0.169301386573387,-0.580987627977025,-2.16893467443595
-0.069700988018414,0.302076563812211,-0.503339522315559
0.72019564869517,0.305685155514337,-0.787182478973486
-0.167781876538558,1.37399835400225,-1.24860020954842
-0.203278916015153,0.485399428386068,-1.07790734011295
1.67812825011243,0.144840039347648,0.250077353605602
1.09093512802861,0.842619843915447,-0.11977403121588
-1.75644462967178,-0.543607815762762,-0.30085263245286
-0.384610792994895,1.0929718962791,-2.32076377558186
-0.992158187397834,-1.02254160386159,-1.32432071149579
2.9715850332843,0.338147371372873,-0.131307112462703
-0.494334531346305,-1.70684576361273,-0.87803515301306
1.14803978343915,0.246449258206672,-0.796768930311008
0.0962712490458892,-1.56796313114203,1.0495407129977
0.108830210144798,-0.231484944965333,0.175588348517341
0.495236949037723,-1.75745545006646,-1.04384462163877
-0.142643497669046,-0.639619829898748,-0.468696015002214
0.832936996059557,-0.776166909934286,-0.28490348155087
0.559823773483781,0.554774652987968,-0.680295181235103
-1.68509594570751,-0.582122130085705,-0.964053610494564
-0.555612312584034,-0.768595101872549,-0.0518040820003942
-0.523353123310595,1.22151568781476,0.741194719519762
-0.506104326333761,1.66917040967207,0.226852003567295
1.06528488521985,1.09348038421025,-0.200147012715761
1.48702703437434,-1.49124250514145,0.387820244768823
-0.921800949287066,1.27665308259526,0.793918367051497
0.541435465702584,-1.2285375707397,-0.140513958248364
-1.16976792602983,-0.0719510219818068,0.455805198945874
-0.557080376687621,0.734458203312735,-1.14557290708596
0.298465543628126,-0.213887080390025,-0.249650688168871
-0.188922789114515,-0.150392803617815,-0.420298275494042
-0.680450203122764,0.125382426230553,0.195664503560041
-1.25744854173679,0.427858022106523,0.357319513842984
-0.31176653668682,0.411350679073257,-0.123617978997338
0.0524980457691653,-1.72636125386664,-0.766214222789801
0.562233812465,-0.175648234059894,-0.929714216784719
-0.875816823362531,0.286838523204975,0.278520610602079
0.586755962790902,0.590740011639347,1.35683685227542
-1.16383957087157,-0.31736028416263,-0.787135594929695
-0.54611202207988,-0.702651640434172,-0.384798672297195
0.450377169868581,-1.36758780159598,0.330680560251943
-0.692515474185169,-0.728807248919832,-0.55462045006283
-0.779596108965332,-0.121524925642922,0.121572314820453
-0.047332659920564,-0.635206048873192,-0.0475961169783602
0.03543456559178,0.594702688120578,-0.776251590566683
0.934481958737551,0.367501230897759,0.831441251138311
-0.233386020255715,-1.60873843468627,0.84630783722297
-1.70078808299975,0.317331844798329,1.0241395066572
-0.655838098813589,0.541704658217943,1.26799658618238
-0.630470468347582,-0.261326989914513,-0.506361787922575
-0.932327589303977,-0.0264957619663642,-0.464481896508305
0.321903702210027,-0.432238306953734,0.26121800049174
2.50176509605977,-0.293386742786612,0.630080976551625
0.794167471420084,-1.00704012536731,-0.339626156224904
-0.154839559706279,0.425207599639901,-0.423344808400481
0.503667184079687,-1.22481659233549,-0.618271527554652
1.44276824076692,-0.590464655327117,1.48220189072674
-0.309267177170206,-0.91363806913849,-2.50816635204148
0.66448047052591,-0.870917714356669,-0.16757803378388
0.561899116459364,-0.368555639793572,0.0382128770535341
-0.122634825795052,-0.485252516092759,-1.05960960299357
0.0565460066372632,-0.699961879182035,0.385425894820638
0.65189100301244,-0.253433896782625,-1.96708768381011
-0.0262386429965182,-1.58489760807918,0.954968861111918
-0.339508996123272,0.111038367521325,-1.6633605848706
-0.593989980081054,0.631846158956852,-2.20273488009703
0.290962076036892,-1.28309869203391,-0.763563825792029
-0.0550219977069135,-1.41310062159301,0.162080393912321
-0.371738277193412,2.23199711011046,-0.651567164764164
0.17658846965934,0.239507240812717,-0.559286995277619
-0.773066921989977,0.0531929269048023,0.333204975057779
-0.802419608349066,-0.198507455577018,-1.05890092148845
1.37356613266313,0.492647761120744,-0.0858495457604726
-0.881356062680646,0.037241061093232,0.497932992929394
0.315788060527378,-0.545911952356732,1.63398965670861
-0.968386578638255,-0.432476067022042,0.479451881240197
-0.230609646495428,-0.344484706333552,1.71476299216676
0.390362282133484,-0.319669395772421,0.453160033529716
-1.00953678417864,-0.751698873596972,-0.00324112682536025
0.595038671126996,1.07410152344092,-2.25653485624939
0.218915228575553,0.0938221556594885,-1.22465855193064
-0.316606290644603,-0.773066829488245,-0.318962623738223
0.245466542402521,0.591248734948418,0.712270455853782
0.0750448352632334,0.350228478678131,-0.32251357317817
-0.839650033769067,-0.137579581182907,0.543648621254837
-1.39706392020774,0.400881867040071,-1.06381135183874
0.106131768782063,-0.906378995284437,-0.274129717350557
-1.00472117009238,-0.198840252562068,0.21700603247715
-0.0352199893647191,-0.999154704327225,-0.359385718165611
-1.64807616548373,-1.1838104344236,0.11283169498315
-0.929032489887539,-0.331398650181689,-0.670748026053258
0.272110814193612,0.168024801248484,0.374345223259504
1.04532279459033,-0.913005530683512,-0.0810548925112574
0.169278549215246,-0.17505812828446,-0.0470493466531285
-0.994434982580189,-1.83044612088624,-1.94878708644615
-0.415337398323979,-0.446737251934726,-0.673668581278741
1.09363612666732,1.17066727472609,-1.48964408489825
0.518684257567906,-1.15141589767973,-1.6057180576203
0.787040338989375,-1.19293202004669,-0.493883100845236
0.996700953789853,-0.21986145850709,-0.160798367745603
0.377467977221097,0.534670732983126,0.283600225800619
1.10937999763642,1.23610916552029,1.09126265030032
-0.973213955735574,2.65374072860382,0.444400296922585
0.299645255805759,0.800893238074751,1.01207034075848
-0.339482321326464,0.671453526553663,-0.526310287634533
0.201738895091501,2.02792411706594,-0.307840173188787
1.32539797092552,-0.300924303869464,1.08516888442625
0.50379348202283,-0.213349405510672,0.00120718393810378
-0.629636693792144,0.253270149612449,-1.68024471568337
-0.350154112917245,-1.42008804484053,-0.846555519092125
-0.951338626808144,-1.83543665542799,1.00759205983273
-0.0898142512489909,1.80678937403827,-0.61073725767746
-0.499596898078723,-0.574995742510381,0.333444132777122
0.791572694963361,-0.457880856793051,0.0142226956806451
-0.492727604293671,-0.992955765989436,-0.496357607349662
0.710314711011948,0.144072596665995,-0.350786392406381
0.720730133867399,0.591140522435689,0.391720547858095
-0.435330216064654,-0.228611237873408,0.209578828892245
1.42649174309633,0.0147046935473733,1.23467013989917
0.0269243053279024,0.951392914928735,-0.199819784434937
-0.652818422046043,-0.0107680770137928,-0.923208042026682
0.0743993511918555,-0.561343472177005,0.165903101579443
-0.990962518471982,-0.0606100814465088,0.70533455324418
0.650993279569504,-0.842326346047997,2.28196695572699
-0.89516798811002,0.101888083639531,-0.463683013103733
1.29299293500947,-0.897925784148349,-0.326353571908267
-2.0742065856962,1.39392544527667,0.882493210397949
-1.11246012229362,-2.48652390438096,1.28128612650446
-0.338345892460005,0.401294135810678,-0.658681856604976
-0.700697519970714,-0.488027222960909,0.664570454944413
1.34694517132456,1.9871488081498,-0.565157514042339
-0.0604259719260048,-0.234463430687309,-0.962178270242238
0.354804415624792,0.481837360399392,0.623360901900257
0.707369557331155,0.386893969204339,0.106497772201071
0.152877951357064,0.247672409336777,0.38933087814222
0.961010037635776,0.518119835350654,-0.580503496721951
0.439716226872132,1.99741373388409,1.79497795592676
0.698213804189321,0.927508823680672,0.665288009047707
-1.48600746435487,0.19642414887758,-0.374402425652033
-1.12632173407088,1.79026621898744,0.702748931010458
-2.2264074859866,0.583197749189959,-1.21451438389368
-0.253272863743923,0.650333599101656,-0.137750126949227
1.4317564961981,1.2450301486185,1.40335789868052
-0.978402832216023,0.161106626019968,-0.188839311604344
0.315063222248321,0.725490691457639,0.910490371995549
0.440956164186974,-0.274480218132268,-0.221922000189912
0.23852639929048,0.124836065396146,-2.29802640030622
-0.284222614442247,0.0396426273274589,-0.880212545566096
-0.618144042623548,-0.63973303753229,0.22273568903497
-0.636767960604578,2.03465321892986,1.44655271093401
0.0174532471596551,-0.558897599388836,-0.593402125000833
1.29963841108782,-0.355779410672021,0.275979011382551
-0.793507485143925,1.32441739035745,-0.964819289479567
-0.122534387113049,-0.0206222292289781,-1.0164562413338
0.0992681566007817,1.16812642718924,-0.777316643416822
0.791413490106773,-0.607357120914811,1.36906206733358
-0.231328117024349,-0.0128416593054387,0.940310089910901
0.637717307425324,-0.250936878426421,0.5936651573177
-1.49673280807476,-0.969113640406662,1.11546255343648
0.718399655443105,-0.30331195336701,-0.424424996733506
0.0963710077701884,-0.655267139665184,0.759576936893122
-1.09564527432851,0.857447324947049,0.209629277871549
-2.33035863632177,-0.290983583023627,-1.04910092481282
-0.365336634931301,-0.0827812044442989,-0.831062222281743
0.668860732126122,-0.827844692804802,0.0500529319191458
0.319055295918316,0.215199005610929,0.205630061496544
-0.364166389785408,-1.61193635690363,-0.321358418660978
0.0500653563275891,-2.94987178428323,-0.996491243786537
0.155990601900036,1.88010634326583,-2.09089194048916
-0.752410526194919,0.757261697422699,0.425235479441099
0.0545550789313691,0.634728634060444,-0.295271709137097
0.112268546968159,-2.23650826580299,0.54916088318128
-0.72283146044824,0.677129117027189,-1.54589181325016
0.198195563814535,0.519814270578053,-1.25333593531244
0.310560313837698,-0.0776550413999491,-0.111331874671968
0.52632360170575,0.825038762653747,-1.4128135356317
0.711046522019671,1.1205690307062,-1.98295385072071
0.410310613259374,-0.122163599186946,0.783595407833566
0.301398927192011,1.94533707765883,0.900869339749533
-0.0954300964622639,0.988362699499805,-1.0299636420045
0.448760305225703,1.22438538128579,-0.272057268566593
-1.26924504211123,-0.315117614832637,-1.13397290517125
0.654270193041473,-0.131122855661501,0.316426916752984
-0.534909374630435,-0.922585422453901,-0.0296783010019916
2.33752882268268,0.407369085480355,-0.869460450959366
-0.596338058924886,0.264011434380507,-0.774217543896185
-2.88762982904888,0.0912835539416647,-1.0620811934282
1.37208530087141,-0.680687428865753,0.436374262192543
-0.598652381678844,-0.231969495130984,0.571008847814101
0.592950917859602,1.98511178276459,0.376474894415886
0.22574206980329,-0.929159357105225,-0.842889697415977
1.09631206213814,-0.406090232626196,-1.78616962823527
-0.903266023923327,-1.40343255381246,0.530875663154472
-1.18906159124793,-1.24072906757593,-0.177058947394319
1.06496900017888,-0.286765201435186,-0.0393923499714967
-0.958567467505941,-0.391287301787077,1.03212798487339
-1.53369411787315,-0.616901564232573,-0.8935158344016
0.777969495009857,-0.773844309532882,1.14401532568501
-0.0652582755903693,-0.196626923218971,-0.413191495212929
2.27820422438891,1.13402054312043,-0.713187821756013
0.343609622634679,-0.357801185526678,-0.205746143817567
-0.353092740361297,-1.2832038636231,0.390019728842846
-0.627184549894849,-1.06905180450069,-0.207215645255724
1.68460867330367,-2.00434764907113,-0.900507220547859
-1.21492788423149,-1.71051632221807,-0.281624278790779
0.616962045310911,-0.747420182762966,-2.54193110113798
0.561680015246336,-0.976415461234376,-0.508511681872445
-0.572805931639577,-1.14902611060112,0.455966217539027
1.53571787982434,1.98924365380742,-0.169259774532087
-0.74765546446844,1.7511310826985,0.688327722261226
-0.019471857856035,2.56440930061295,0.48598243397446
0.387628403916459,0.776495901541338,0.645646746355588
2.32312597346536,-0.161248544839263,0.656044945025482
0.615152238314757,-1.04326069445062,-1.73858076137427
1.73154802913209,-1.10076626213621,0.00415968001844305
-0.728562623202175,-0.496873947470779,1.63006733460683
-1.74544030678352,1.28052092659645,-0.480485227044419
0.889356785182597,0.666470562339114,0.452802442420564
-1.62846899968612,0.889500197272317,0.143393730979936
-1.34221036389457,-0.187121427736611,0.557012225188023
0.610770202238328,-1.55363634292591,-0.272030117170514
-0.0557766266686415,0.326402671779581,-0.648299296516002
0.84701928165966,-0.214611972064497,0.071960844365645
1.43317474126775,-0.303958307149332,0.207814830703413
0.912744882660601,2.18417322839228,-0.185332289683865
0.382329981106898,0.869691283218553,0.0314406650264462
0.552018613628635,-0.228406203687321,0.411351933690778
0.144826651838118,-1.90344641952332,-0.776183890462463
1.70839228572527,-0.286641470723756,1.13967765719806
0.0523893824520919,0.990388920100186,2.20076027074659
0.807143831935644,0.37282099271425,1.47720532873484
-0.940116280192513,0.272107368015517,-0.454417850707568
0.0392422368472649,1.04509363912809,-1.82288726903245
-1.99762732818409,-0.169009987214824,0.0541979571095952
0.138729601683047,-0.345802025216759,0.880273220604069
-1.48827676613971,-0.253966133668967,0.778106697935667
-0.132874384428308,0.734512927460703,-1.22974677471174
-0.240116874283649,-0.269348130964323,-1.11314851074341
0.972019277591751,0.760301142439061,0.133744634877637
-0.642231450884744,-1.2281836193586,0.626081345376854
-0.664178443147495,-1.27106502138202,0.872931663855459
-1.97301371082498,0.127383608306443,0.816391978938957
0.62038170075029,0.760383157988027,-0.967975491966489
1.08867161825065,-0.407652916022205,-1.31260505619999
-0.226077238947635,-0.577421344918043,-2.01251977795928
1.48023793951334,-2.83937616690889,0.504932697727817
-0.409756055441592,0.374320874220963,0.828111565769426
-1.00232204198398,-0.902854978742815,0.335850688825044
0.229145399273747,0.402574906183067,-1.05912444601131
0.686284539494493,1.4272117229534,1.56771674994935
-1.49352037264224,-0.495919045927329,-0.370146624363391
-1.6356334016827,0.696725381553881,1.77903836149569
0.0464198809005516,-0.152545773297634,0.551402005080575
0.480435287129279,0.368604635711658,1.19031064508552
-2.34448637435628,-1.15579938527956,0.330602226294406
-1.70618749954248,0.417823594928106,-0.0646522280998777
0.307769939615024,1.30496154444897,-1.01254806837321
0.888734457216717,1.79671185562111,-0.55851419019136
-0.380935589430475,-1.18738065485708,-0.0471078362764253
1.20042237058618,0.533685008357217,0.282074067985043
-0.613786417628227,-0.508024170765753,-0.0332192123310964
-0.166695812608068,0.522720628103725,-0.177971989093417
1.3497427411458,-0.178463862456432,0.183485516942061
-0.08155736257615,-0.248033265601507,-0.524372042597516
0.0258731020851069,0.682099496739719,-0.53593745633951
-0.899870707064619,0.746201526735843,-1.45570470165602
0.0670106043901452,0.279077037786067,0.846271470268007
-0.644265584699205,0.46404938204628,0.046932368001524
-1.79943951694229,0.378460412533289,-0.0836242334273476
-0.970491872039209,0.278374001552994,-0.740918614774916
-0.23864909058919,0.0912301601069542,-0.247773863902407
0.163631745977142,0.915610225764827,-1.0867828557013
1.06803589634442,0.709899292255341,-1.04929735235275
0.0385342268220356,0.793932838572023,-1.9189517717066
-0.127406724329176,1.1069684984941,0.981698772648436
1.10613338969307,0.549337333014554,0.125964082145297
2.41505639305858,-0.152998328694666,-1.11677637555443
-0.0854377496312043,-1.08947042324526,1.1637866037459
1.17798559053759,-0.488032453801593,0.624591683369118
0.486182864879867,-0.869954917300795,0.742382274584664
-0.0760459783736424,-0.298508586975253,-0.225770566942818
-1.92088504995097,-0.525294572640387,-0.422872006585657
-0.967552745503026,-0.196685815876952,-0.0980529020064929
-0.556743932301024,-1.02389991827425,0.404690656237582
-1.11020718374346,-0.622302116573955,0.799914606641116
-1.16124993960642,0.35558715707793,1.58946914995693
-0.412925484950059,0.213605953502618,-0.509070404137271
0.951889434480402,-0.404069681572142,-1.01556474815148
-0.920180526501519,1.01282233205102,0.100858665610429
0.118175117960979,-1.64112944133307,3.02210418529039
-0.202992795359762,0.482758608560415,-0.428615845083704
0.79309979915499,1.56983056712062,1.14568121778476
0.0384368414759949,-0.407847758248619,-0.243098209585093
-0.16816299181802,0.387584918040847,-0.478543237763877
-0.584189408985592,-0.558288003324279,-0.710417122207556
0.891898666517829,-0.0220150362400862,-0.211244627717603
1.13933307604848,0.815603462122397,1.64178447087543
0.0194424834681,-0.914014481393565,0.301846720563439
3.27178275094146,-0.554820797749138,0.487329123215285
-0.00299321217346231,0.532223347384848,0.838735792432261
2.9238239501318,0.415709689724458,2.071741512886
-0.133879522065291,0.806859181812312,0.77561884207953
-1.57070706216679,1.25274819689651,-1.42711135295193
-1.42476658017077,0.769852741781516,-1.03351133546615
-0.871469943087801,-1.07763260721319,-1.58945511359183
1.47840798244259,0.153781366543957,-2.84854676989379
1.70332330212618,-0.399087420248963,1.29073392779261
0.397608592961342,-0.00585749811279422,-0.493723874282408
0.308495292568104,0.917362355389143,0.394970677706016
-0.536955292638044,0.276155443869339,1.18161785314391
-0.676675596367901,0.155188360208886,-0.511832694580471
-0.717903102159638,-0.120114745397783,-0.134967648662221
-0.870549994900966,0.397018504856981,0.350256179524455
-0.539922449848325,-1.17862518855815,0.225879221817625
-0.622689767958637,-0.421548024007117,-0.774315249588103
0.52853744956257,1.61657603604283,0.730815610006591
0.77081867169404,0.616122843297705,0.545635528242466
1.60318075443505,-0.9617940267648,-0.288449295921491
-2.44862135362922,-1.22855665934927,-1.222380910859
0.495119681899253,-0.959330253589292,0.633333595568586
-0.318468478289267,0.580156856563299,1.427519655915
-0.266390602550299,0.433158964582613,1.38051749338936
-1.64170410993825,-0.568582303141119,0.872634566795338
-0.0328780548058861,-0.368684340898934,-0.483135068652272
-0.776007105490692,0.978228069525606,-0.531346919490549
0.355759428247928,-0.307073609966018,-0.587684756585901
-1.11280918419286,-0.0584092798451658,-0.411697868987503
3.44599197819979,0.352533747158679,0.709185621253385
-0.78209886700799,-0.182327630508894,0.256396753535657
-0.282203311332044,-0.735026404402801,-1.8563605863048
-1.22876619131156,-0.41294127515641,-1.86058762981445
-0.325172996563801,-1.08100043519868,-0.0228340937343522
2.13425460540829,0.469312616007674,0.149938747281039
-0.386892082931343,1.33204012251754,-2.30747434203529
0.610203857819049,0.244262635869097,-0.816447225812107
-0.939779775135914,0.81272922619384,0.0275611516966839
1.53836358801599,-0.651135024934329,1.46178591517648
0.468351598166099,-0.140308776263568,-2.01286872832228
-0.71663302769885,-0.13611215659361,-1.25544427798198
0.230438944862016,-1.43064062509921,-1.08030684721822
-0.38686369131377,0.08889294253109,0.175396078648851
0.50870846650783,0.479237258969012,0.330839221414253
-0.809396597344662,0.683406455538803,-0.320689231300393
0.463215859683372,1.3156540407747,-1.61232868794999
1.58317836100403,-1.4726494367775,-0.630552416864319
1.26276162796841,0.617651459020608,-0.560485986655885
0.304992512785019,0.717074072832601,-0.202581284417019
0.333676634814215,-0.210025808024777,1.62288518113168
0.421503008938672,0.602459332748625,-0.676770530437996
0.898379755642647,-1.4145324747417,0.0762644051386911
0.385927146861621,0.214394673940768,-0.705398341626911
0.606090117308301,-3.12908819139171,-1.24022784904392
0.637811527522779,0.31205830314547,0.635947897868601
0.227793843711254,1.60156345500434,-1.05062867965275
0.720449424080687,1.54198702770824,2.73520918962219
0.0578393567246293,-2.6596693797359,0.0925629378272146
1.01128638626024,0.535026842684138,0.0602535760786764
-0.428251372732744,-0.349720994346983,-0.0665452110108605
0.193770942237221,-0.0250080580964582,1.84364554004006
0.0324641118561838,-2.2161334557135,0.663927110403606
-1.07415455414373,0.385040501175137,-0.250990643747969
1.19882598973803,-0.526720687742884,-1.16618980661084
-1.16243321340069,0.373889488898866,-1.03872776071744
1.30512922116238,-0.191218200356621,-0.78498930533731
-1.06846647571752,-1.02543755537228,1.21494843097831
-0.982083465583142,0.333196336107161,-0.188981575770903
0.860888491074712,0.595069071311139,-0.757198622679825
-0.081744927167929,0.0543192874307289,0.792059477880274
-1.8451908393036,0.567101587438083,1.34518001902217
1.50342038213375,-0.464010628735977,-0.694531484071315
-2.48852743080384,1.28480081505999,-0.444932544042374
-0.692526021320325,-0.35797228180566,0.345284186723786
-1.52033934327632,-0.579651889845945,-0.00484443653596692
-0.567967502113959,1.04159278248064,0.406366471484777
0.0886811291310934,1.11488218107788,1.71419852577143
-0.333540775490231,0.680655637101081,-0.0603865541209644
-0.578854149910313,0.220506659926104,-0.280702267534243
-0.163795855729233,1.5948859846481,0.485414460894456
0.269165410758008,-1.0106408939135,-0.049344529739962
-0.855759582087002,1.1377699929415,0.627765061532786
-2.07485622665075,1.71439383448494,-0.223971151420257
-0.925845864287955,0.0546095741367307,0.443522714401107
-1.90435779127418,0.585722003945402,-1.56374070756789
0.635338733866089,0.609702193642644,0.0139036583033916
1.87015838792933,1.19358200831037,-0.516215987283684
-1.14546193848128,-0.858810426620774,-1.19054257551753
-0.885435444170508,0.895706193348967,-0.413069207837028
-0.875533900687168,-1.70894706616893,0.371994945422908
0.788390456341582,2.07690354539009,0.0923429640204638
0.0313446839741886,-0.571339759295446,0.693483762521126
0.488947815943938,-0.316190965486705,0.940899243153547
0.771469878691198,0.258885176649788,0.828464029727859
0.247834608669137,-1.25031206020367,-0.324489176475348
0.447831638138293,-0.262894843235988,-1.32815619805706
-1.16256526522146,0.0614874404655674,-0.280334969912362
-0.0617882821038358,-0.339967488178091,1.16965543651082
-0.616103464566919,2.02629406134448,-0.121476364908072
-1.30482930362763,-1.78676065095644,-1.63729165104512
-1.16898434302642,-0.105388415641915,0.491383222869776
0.937609547717227,1.17884728859329,0.281819310693371
-1.3005469870359,-0.836164804463538,-0.400603355192185
-0.404328026761701,-0.138951121805986,0.173361502856003
0.982565049225279,1.94328489677314,1.36938766954533
0.329259493151393,-1.86734559765039,1.29919609375684
0.652347233454389,-0.80359786515808,-0.456296893545459
0.33137935811481,-1.19840856257805,0.010664861858056
-0.148875337173038,0.62952138428992,-1.45408914493424
-2.19971757795955,-0.866128522960584,-0.727753325968744
-0.608838514896523,0.467805602966812,2.00824039746518
-1.37830797006746,-0.645806382206571,1.49800968551095
-0.37808428586824,-0.152525559658479,-0.229254725283134
2.05410707311695,0.856214879376642,-0.692465145302773
0.138225403263888,0.137003753628528,-1.3666232971684
-0.719146277753351,-1.94070545396635,2.1260518537637
0.888692440655481,-0.535887467461224,0.114629724838474
0.491372928474695,0.713595097676634,-0.593948909367117
-0.0803500691057765,1.86014831963883,1.07806733795125
-0.227631250524714,-1.11482614497505,-1.09958583285891
-0.145485583230482,-0.228621036089534,0.726564197606452
-0.0714200255752952,-0.0815898798548839,1.4408703022386
0.619530244648906,-0.732566487362174,-0.210170159621664
0.127656676246875,-1.38263282305576,1.45128094388337
-0.627376645697984,1.83879660034406,0.641551431409249
0.834371493937897,1.47833445941722,-0.678807618879959
-0.698403948311629,-1.40678671660781,0.574312736347461
1.30924048218871,-1.88397213212785,-0.704514526288929
-0.980177626888364,-0.277366227607279,-0.533984057229936
0.747985102745544,0.430427805191253,0.774384606617658
1.25779662068081,-0.128786668054707,-0.475621395338803
1.2221833523778,1.1292645954138,-0.0244273788868501
-0.112160842700522,-0.246528493011147,1.01900809628437
0.692200142934224,-1.16554781579066,-1.20558039559856
-2.13764149985513,1.51988229295041,1.59529386747203
0.444235984040234,-0.234026743812637,2.041955459993
-0.109286874357898,-0.283973587038927,0.614481250043309
0.599824655782442,-0.263158284120996,0.421931174136824
0.108759073688381,0.0560043037582182,-0.496421667693228
1.29479689861678,-2.31866188966679,0.490961412826035
-0.170650755658055,0.683297132017777,-0.501982169603514
0.733739518696074,0.721231898711608,0.288169818251616
-0.105956081619216,0.629245190810868,-0.686626008241128
0.655762571951209,-0.411125620176541,0.788403786030499
-1.23126609336929,0.0993084268808665,0.691368840963686
0.606569514039166,-1.43491267164449,1.24299900805133
-0.389590456231888,0.359780354270464,1.98220971242917
0.394815020131042,-0.817055357054789,-0.646441834619146
-0.875318548777549,1.31689292485862,0.96618929222735
0.54164091212584,-0.9258235679908,-1.42726744709521
2.99152532733133,-2.05908538293546,-0.457483758648024
1.54052050648587,0.172659183962971,0.945466684608465
0.980378794904776,-1.63055613264585,-0.738389150369058
-0.619014968381663,-0.927846619109304,0.345640699877904
0.324860466266969,0.804032290142514,-0.900444693895271
-0.158338330946089,1.8723317486393,-0.370350704115059
-1.98512889480691,-0.262678090014843,-0.0407969264500623
-0.240167897097374,0.971651297680579,-0.612318766406044
-0.316538046267265,-1.37736386169196,-1.94585208981637
-0.0896303158722854,1.73050131428387,0.243096329527575
-0.532006993707045,-0.00508718145513425,0.474900095404527
0.651828959763116,-0.779880243419497,0.136714574061142
1.91858057970287,0.397543921415631,-0.48874772568831
1.15565715134385,-0.809248936707142,0.900203657260438
0.660185179168459,0.050323030248645,1.07753566006142
0.0550690875835367,0.101772041721814,-2.37367085604992
0.0757323802746318,1.16912354606323,1.12457483752911
1.15752258181319,-0.566591093897041,-1.77954774715351
1.28164889939765,-0.375340288323561,-0.344550362435428
-0.591946857097672,0.123993538996108,-1.10917311375928
0.949803349503218,0.897374477733325,-0.630105782923093
-1.18310978507429,1.89559699317342,1.31688376872424
-1.19265860477875,1.58218645567045,0.534513388284073
1.59578333479431,0.960255353783174,0.493898085741881
0.0369392685017888,-1.90307697710446,-2.07799243134481
0.0337820994332734,0.947324753875237,0.196325342741564
0.979023019683957,0.753420372173012,0.628803153873898
-0.19665658614585,-0.697797127021826,0.860947143393616
-0.84666438748252,-0.564930211034253,-0.973247350475229
0.138357324986206,-1.36915034494198,0.937543052030658
-1.70863333602975,-0.0125469747796106,-1.39520577829527
-0.472466103539983,0.0906300156783073,1.73874301887633
-0.156740160934217,-1.75355046064458,-0.798634290243535
-1.44256268479559,-1.58133763297504,0.765024386769347
0.184764335937665,0.174485077417376,0.317911345135436
-0.732733102643874,-1.02688393836773,-1.06360051761289
1.11407753323473,-0.299216322369481,1.1442586560686
-0.281042036472996,1.00771668611063,0.0333768426273916
-1.09100027664817,-0.42591120128335,0.818407774847846
0.239222737737268,0.127064314826948,0.218192085822206
-0.0532176840575105,0.615771024583157,0.868497252409914
0.0403178822322321,-1.12465771102114,0.0216805208980772
0.215454744346174,1.24267702194518,1.11522864969301
-0.394021000135933,0.917015357279716,-0.352180864911126
-0.326590873793965,1.27296529299446,0.527288318248801
0.648003818354912,-0.42620110290016,0.378571522243943
1.62673701629703,-1.46431958960135,0.843859777098379
-1.92569377349633,0.511162949780878,-0.621042494956867
-0.135680412514509,0.618532251784249,0.177691497867866
0.979682304928802,2.54036862385644,-0.580165079131849
-1.17921193210068,1.71949292604995,0.908637825733444
1.16681337455667,-0.464882764513658,-0.636686379475083
-0.379227415297271,-1.00677729019296,1.73223869637675
0.70775212141734,0.620988963443898,0.790371602039116
1.47376577810174,1.99324249254339,-0.0137079788538398
0.898576833356327,-1.18313396550829,1.20619647520582
1.21431502306541,-0.780501608586493,-0.0845909401382518
-2.2078270583898,1.74769498790242,0.563262281636034
-1.2733628036548,1.83718698216698,0.528194400015101
0.581466657889296,0.194556414446477,0.423038432410325
-0.910780798192153,-1.62023028423844,-0.596764229709111
-0.551874495500953,-0.542570527423244,-1.2508442776012
1.38422224664466,1.16741884047502,-1.68160070977383
0.116494123723035,2.15373357487731,-0.456296359001271
0.0453178784831703,-0.0158765401725334,0.682793192202467
-0.245585632015596,-0.631445133964004,-0.23903748350282
-1.59789551871642,0.30528731624952,-1.20335093346794
-1.88057396502837,0.144878603892084,2.15647760195008
-0.217766243830373,-0.909335306190533,0.702009423048609
0.354738794936102,0.591884173719186,1.94661810026563
-1.31894478115298,1.39044430779123,1.21303635372129
-1.80778009715662,0.0131204272854507,-0.611379118364512
1.2755091369191,0.625750200559898,-0.411921203246786
0.50699835111917,0.252085033197336,-1.44068097826971
0.482094871689672,0.461566093810851,0.74047345310968
0.917096497774865,-0.21362309040986,1.62365925222734
0.554743570423318,1.19787605791361,-0.920484878072598
-1.05550268160105,0.231803133441912,-1.20219764681918
1.25015505558455,-0.502841451950738,0.882678068364482
-1.27736005340688,0.630457130487061,-1.51647903560073
-0.478588320720279,0.957297525780924,1.92161155776854
0.333595621234046,-0.0744828631416607,0.572135777806248
0.280998469151164,-2.67816441082093,-1.71489505383856
0.589335500714839,1.63616438658732,0.354918895732423
0.876592079389192,-0.750630548636383,0.105181865810994
-0.809672330735992,-0.349143907623776,-2.46841353318467
-1.28742628778282,1.61863073979497,-0.0418580303239525
-1.16773308895199,-1.89803988850216,-0.587260767867037
0.574483137039138,-1.1065443604311,-0.887296992757254
-0.462754276400969,-0.749450708751393,0.238716819750682
0.412912128628034,-1.31288137012789,0.850890302293807
1.18298161074152,1.10328832396475,1.72700883321405
-0.671733976875938,1.26449613364349,-2.63250764609541
0.924698947331539,0.500876131100523,0.743611327809965
-0.64489251592825,-0.439405825726849,-0.952351111335292
0.616813884899903,-0.423679975612137,1.15633016538051
0.0340745981039207,-0.568073072207334,0.345861674157838
-0.850439447987543,-0.524706366281828,1.44495717206043
0.947850371730136,0.482825593869976,-1.48276130575666
0.722604398667226,0.909263365392755,0.49463129762884
-0.868606252322955,-0.456577687018755,0.295159338034633
0.0377018047450394,0.318990398966857,1.04786224591943
2.52239807042822,-2.38579275089487,-0.231168508634999
-0.751862790605904,0.075836973157585,1.14401684592874
-0.166712862493818,-0.878441856374896,-0.444960875475881
1.4028930698445,1.09853317980309,-0.429237403893111
-1.11369772678606,1.18582440763367,0.0253793014557843
2.380413636511,-2.19649538110396,-1.06925217238229
-0.667302144757731,0.92231751847207,-0.456571640834288
-0.521432196322171,-0.565728393717844,1.11000382848242
-0.0385537561204246,-0.163941021677803,1.65182870430573
1.07467642177463,0.898500827015439,1.11425467962836
3.23554281654337,0.68916731902298,-0.424865175188582
0.483314635182074,-0.819023245342681,0.318479885539619
0.619616219204552,0.320066756976218,0.098489648944743
-1.37352867429314,-0.467075231215858,-1.2590274729358
0.141241738837254,1.25185533604649,0.257408211140715
-2.35978263907092,-1.57147258552999,-0.824293327671809
-0.258273243330735,0.819754452082411,-1.06062421894714
1.46142509399092,1.39109608819633,0.725505461365908
-0.198070049692169,-2.60952500918578,-0.707931887106341
-0.0576426334267687,0.647746596960509,-0.144048750509615
0.0390446413634702,-0.362979582071462,-0.973715576881434
-0.123729489633514,0.110221751018043,0.0559444258531401
0.100049582245978,-0.270074147559846,0.492346553150489
-1.51123341901236,0.692097306933716,0.502545254666909
-0.480871431890273,0.928280305471999,-1.07525797722939
-0.341587648007823,0.593130101339695,1.25804225002658
0.569773368026909,-0.106292768822515,1.49297171304439
0.207376636370952,-0.42412912886889,0.372910426410749
-0.75859247225466,-0.14031375201881,0.157479547884347
0.849013844908703,-0.227291151311803,0.0773429033210805
1.22658542110533,0.205061938233205,0.257545945939747
-1.27941767070771,-0.824595488543724,0.376423588722638
0.184011110654948,0.584580583678504,0.136823618948169
-0.7490257660595,-0.998298665870284,0.653823170914733
-0.608148531230079,-1.48428150612725,-0.335768542377534
0.419863624728317,0.25777748308749,1.12934492850217
0.841849795634128,0.415290004058814,-0.0376828117706237
0.380156936736672,1.02541957291262,-1.75569401653616
-0.534844330403008,0.726076067920901,-0.0997203693834034
1.12971200930182,0.219787376146357,0.447020452653874
1.03188963184648,0.691599611796066,1.2300316728337
-0.989382575570002,-0.980497735371133,0.0602104326151076
0.31316852556151,-1.14060970386147,-1.940069201671
-1.15966477035314,-1.21548799679483,0.00483176592536138
1.46673353907052,0.0447285363233251,-1.19921192196747
0.270059578028115,0.661470374680939,-0.976105703649749
1.06713532118701,0.906392247142644,-1.02562705123497
0.388143801506102,1.48370145305015,-0.799226924512563
-0.108270386698755,0.329200587574838,1.13712909055669
0.750488542155902,-0.128191449344178,-0.831528899543843
-1.10331774675753,-0.661276942989563,-0.439062773952966
-1.43268242639769,0.254068219646731,0.184173461400253
-0.631153638334791,-0.0643552748031504,0.89037962557919
0.263617951041476,-0.325129316662193,-0.666705010074985
-0.413688070505232,-0.677023065282562,-0.826223863869995
-0.465118741895463,-1.0058648980287,-0.518615722213841
0.920851504045787,-0.982946998026845,-1.17171869923338
-0.502192713878502,1.46883036183792,0.920033349469812
0.974456871806679,0.250617833293516,-2.18195813409894
-0.772935917727367,-0.430071756633296,-0.5276920773549
-0.256483362676747,-1.57919107955978,-1.44114002209388
-0.826313344778546,0.192863736910639,-1.95678478418978
-0.426199321602835,-0.497300055180433,0.0286581970792618
-1.16169686834141,-0.0858915513421521,1.53823566132278
0.446986972332676,-0.207148755289783,1.63464035479982
1.18231429883526,0.776055388702504,-0.562776208352765
0.283358694174729,-0.0686352590528387,-0.696955708518244
1.71226784466114,-0.178001417030709,-0.538226303471587
-1.64010000474981,2.3728384785312,0.710110231783851
-0.751552073945755,1.08720419757735,-2.56169696298002
0.524644402691181,0.130018231301872,0.24770047442229
0.633379288392583,-0.731197996627968,-0.405540381007554
0.32699671904924,1.17912968355308,-0.743938496851104
1.74568499211517,-0.932649556192767,-2.00612003132012
1.67538956644338,-0.0480641732276498,-0.205826417782953
-1.4593043614019,0.852585748520976,-1.64905677245587
-0.417404252867921,-0.411312115325928,-0.0153078731923365
-1.43403337067262,-0.367209823908698,-0.894901677513419
-1.03077397230637,0.440309141403076,0.0463197241835662
0.248256394147199,0.139471132630852,0.461004079383783
0.351407773967145,-0.249252612008858,-0.503738767197944
-0.780451694935575,-0.209374034941842,-1.022398456216
0.301600444867741,0.250899225803122,-0.61174222903031
-0.727835428176207,0.466728667413922,-0.667393503214493
0.249413868883769,1.29426181595304,-1.49327582905547
0.113145255522151,-0.419232279340387,-0.780618213906196
-0.284012580696411,1.31665945128356,-0.193405134857153
-0.960092462975384,-1.46521635684288,-0.220833309799399
-0.465325060092531,-0.645086569893443,0.329541739887292
0.491146204122848,-1.35290184950346,1.29187572312354
-0.494181843877065,0.30944156174369,0.333671031663867
-0.325507791607573,0.420861380723434,1.47578697474206
-1.06976068195843,-1.36602541858539,-0.647925964720306
-0.434114796822793,0.0478644721567874,1.35066841000033
-0.0248566438012168,-0.91386627420982,0.593408907817607
-0.729108845461425,0.493842855094217,-1.19170888523403
-0.38271233932852,-1.55491383941194,0.402171012485224
-1.10069412034449,0.864717315822876,-1.23769284056948
0.749164757240454,-0.044407932368369,0.947230675691712
2.20977517791002,-1.03594269374147,-0.539746145027583
-0.425230228920035,-0.0829221120128502,-0.236110187036619
0.4666662872896,-0.265667025139044,-0.679536488943232
1.58196744706869,-0.364461374099185,-0.852178292364297
-0.384444162472612,-1.49734909156591,1.70213970919678
-0.389164984085092,-0.585210155969012,0.991804522902772
0.647275142770483,-0.17332762282201,0.675213077027448
-0.952345799282998,-1.48325220728214,0.0736199590039371
-0.173136503089637,0.302361385182744,0.736333814551808
-0.55316507526113,1.37311638605898,0.661712776915951
-0.967837023816664,0.782087200345919,1.60352059838129
0.420695958687057,-0.798532957525137,0.85003977821244
-0.13881389317545,-0.65686621713525,-0.206189006457514
2.1695257924131,-0.465692254480316,-0.214892943259896
-2.84301789503408,0.605893415386905,-0.468072564336127
0.645281929502748,-0.0395195372513891,-0.363738560815834
-0.821321707080598,-0.945056502792231,-0.236683939495527
-0.286229169578084,-1.51198461058447,1.22288074959827
-1.08880098387599,0.559297162978602,-2.32835963269809
0.578400488855279,-1.04396345037488,-0.701845828410341
1.35541776928185,0.497012072437788,-0.132880719366657
0.489112200603266,0.0730709155813911,-1.2832584037532
-0.911856524356647,0.721771014943123,1.61910061010553
1.61447746884251,1.09417150104969,-0.233948301011858
-0.163726665585519,-1.42329438949761,-1.11691813121359
0.178738701781817,1.02230365754448,-0.891613786810676
-0.0492386288291377,0.687815078920929,0.87239516251344
-0.215800723580408,-0.307454889660927,1.86900934050409
0.0809770830406314,-0.0197490555703713,-0.124268503812241
-1.03055273658386,0.488398385701636,0.107028807376313
1.15321130232285,0.660500810354084,-0.948535060055103
0.646328884938565,-1.71404332731453,1.31664471072918
0.0788285553783438,1.45885698110729,0.722656926345969
0.945405729852455,-1.40789548336394,-2.32925346285753
-1.22214879072262,-2.0811641192689,-0.645232545817526
1.08512896360543,0.954239385650312,-0.234117494341529
0.212001873527642,-1.51159225445321,-1.10816067338053
0.503221026911538,-0.224143134032667,-0.273224175602157
-0.455711994077975,-1.34652889551142,-1.13344115426419
-0.782293586541174,-1.79458430934769,0.359307953730572
-0.54620305037046,-0.442113996050495,0.335644763865137
1.03625304627522,0.647112024498933,0.81098435313938
1.09077665503263,0.315899380117686,0.416456135933571
1.55487239810675,-0.642473816319186,1.59411403885386
-0.0619972054953878,-0.0157570470708231,-0.386137877288101
-0.756056442753469,-0.0986951474975073,-2.15330336743643
1.47246617375261,-0.0235244885614462,0.025659213079887
-1.55194489509854,-0.446038295193204,0.649848845025497
-0.15888537828916,0.360949902610342,-0.401235599512803
0.603257019789009,-1.08270251099142,1.40087647763291
-1.16228473907955,0.377517395774565,1.09476867868607
-1.56009578379087,-0.339407704479161,0.537493298921215
0.489185585613409,-0.335598592028236,0.0697747577746106
1.62105050747679,0.7058040936338,-0.551500633193785
-0.714736528438557,-0.427571822018134,-0.176943367781943
-0.686687437166656,-0.985350251537578,0.469177847669925
-0.941603766118093,-1.20303834151224,0.96779678824769
1.48472599900393,0.669032743364687,-0.296114656814332
-0.707935194370652,-2.33328737733905,-0.728253258423636
-0.837443806426317,-0.416915573563025,2.4756058618661
-0.804029989369464,0.181456387645657,0.5185571703497
-0.58790398966908,-1.37496040815191,-0.903603205337453
-0.597717941949531,0.00696295872373336,0.930979056343251
0.606447474560152,0.670240018934236,0.061686497897853
0.301728112720811,-1.82442858730991,0.826789248521633
0.474748254024927,-0.887213958856379,0.0517969525608289
-0.63020028988294,1.76226244398383,-0.0584290512452095
0.724514310071569,-0.65462442147273,0.0906116207122605
-3.04313484257759,-0.966094459928818,0.412780797052548
1.12770217136719,-0.857718561750186,-0.61008573154393
0.199846383343375,-0.434319399579906,-0.65536323027314
-0.405102186288378,0.185919886253164,-0.184779206139361
0.475527499245612,-0.703667266915411,0.171301431637089
-1.22312208393652,0.201719599167546,-0.317376455269396
-0.632713554588276,0.701952747275458,0.316984562457902
0.109171617679726,0.336181512220115,-1.101735412602
-1.56255658413609,0.74982570129541,-1.43095845286738
-0.040245432814847,-0.800882335188553,1.89201063250808
-0.0363299297187298,-0.122741393064011,0.397877113060311
-0.278925581491909,0.664288591501356,-0.397028133394579
-1.29312944937939,0.0549578832347883,-0.279957848490363
1.16680080614526,0.212695033841387,0.78511853104356
-1.48537404711266,0.0508606797200874,-0.210320814229356
-1.47712041031981,0.182916850669564,0.192114963876683
-0.58264035626689,-0.0246729283718233,-0.264725626098451
1.54930379091226,-1.09939099821092,-0.501391057936759
0.10688293076497,0.173999331072479,0.602189813520256
0.259566728752779,-0.45536672234928,0.141494558350148
-0.215988701887296,1.43577886180154,1.30181266697034
0.270847411651089,-0.529590169612876,-1.12539685767474
0.633189247403892,0.152151396071861,-0.135307406049395
0.707469331514634,-1.97326132409618,-0.208988948819788
1.37068146839201,-0.658878760701194,-1.07486233391367
-0.778056134077629,-0.828452648882737,0.997858726258268
-0.158113544897406,1.23170354306709,-0.107399749074144
0.413538663207615,-0.151085950935197,-1.38555799043147
0.825075725328577,0.144956274656509,-0.59214062739422
-0.333022248776666,0.300296912049029,-1.10533356064609
0.650773965410399,-0.531111479264658,1.03908851261442
-0.548452682937463,0.300715141684049,2.54290445686211
-0.341476452668467,1.50662404051982,-0.673715819136411
1.01214376625149,0.616992709956802,-0.0922300081017977
-1.88275450185253,0.714400058203048,0.279735034290658
0.221546740723215,-0.834522825751897,2.70895941900681
0.925939991622145,0.179047539276805,-2.32900346367574
-0.344776981722618,0.293346436715331,-0.513955735696316
0.624855729729621,-0.655101630091572,-1.20279475722774
-0.706496293740966,0.117420548335933,-0.227624806236914
0.171207414363386,1.97352809039938,-0.275899217586007
0.00977875691569575,-0.974533231961422,-0.72980880602493
-0.0285917181661211,0.552947651207812,1.83415571752355
-1.27578726414557,-1.07382112975227,0.257065337064977
-0.162588041070684,0.351996769280441,2.39358537418796
-0.813952668017409,-1.04182477574096,0.823616626218353
-0.35960728144336,0.590351151685933,-1.26531215025604
1.02424399526782,-1.26843989879875,-0.753491215068184
-0.566592582056899,0.0204776647071165,0.273038419162952
-0.0327291610703558,1.34131625877434,-0.577898941085042
0.103023621831118,-0.222474087449441,0.35428968907761
-0.189466034412415,-0.106397594203637,0.732572641958218
0.806090490556974,1.40419031178976,0.421122276651071
-0.0424478238394652,2.03629655316149,-0.13461283417085
0.154898225663518,2.48310511270667,-0.643538933862576
-0.890281200482892,-0.393625324430424,-1.28932068916416
-0.382259076212963,-1.05513659065903,0.340894898598314
-0.64700443202483,0.651154342417501,0.922335674092897
0.474278292025528,0.435595444256836,-0.0796694097451784
1.15152892329233,1.28520823436664,0.75361765272448
-0.460631493696267,0.150213367683698,2.227529683524
-2.21526238484571,0.160819359448959,1.93382128195771
-0.845512772514131,1.51375863443316,-0.494905476776135
-0.934275894673734,0.161990769974966,0.546711841395066
1.18075478725766,0.68223512694434,-0.702210637746134
0.142993683957656,0.484517544998582,0.68981342390161
1.56473745939815,-0.0444719203914545,-0.0583631400767486
0.400904127545379,-0.53481116323028,0.277587578066646
-1.54755722071225,-0.337547843522416,-0.859014614409201
0.494910618258433,-1.94852696812301,1.20537791583264
-0.747853894850659,1.27845501649895,-0.0841799664768694
0.000603359390358705,-1.59511082920805,-0.445919957955063
-0.101653371124766,-0.590700483309733,-0.0766213726151868
-0.144058142629655,-0.370331045729754,0.0763983799958751
-0.331369056733852,1.20552835668786,1.63686401169385
1.92120815461321,0.0578507042481702,-1.11072398833375
1.5098548579768,0.944225289376759,2.45899120349098
-0.889284398071151,-0.294231849492569,-0.773312386463012
0.198680207047596,1.67136844844011,0.174643374960065
1.15136467995391,0.486997818356882,-2.05814136474925
1.10252557067069,0.547294217368083,-0.654460530329722
-0.895383046063281,0.877530983969036,0.731773364128733
1.4098008988475,-1.48223225272895,0.50523305857902
-0.70459579703588,-0.0105240124009548,0.410572221752549
0.126642533268377,0.214424248543628,-0.466765303532686
0.168755803793434,-0.76672924833678,-1.84357246605783
-1.9199911245538,0.0121705199650967,-1.07282462705942
-0.133307420233706,-0.721340330848372,-0.229828765324043
-2.10038657301994,0.219747429679615,0.6216371749907
-1.96633850418178,-1.78482822322188,0.837445481389698
0.320515432417219,0.284409588673499,-0.302888049153909
0.341243420633991,-0.636273493528611,-0.151552534412389
0.974334700699356,0.939339897411908,-0.162851522523741
0.379546198219388,-1.97311049815324,0.0578455329557257
-0.673769295614138,0.0425133093058528,1.53714488558615
-0.800727074103756,-0.22090964246246,-0.726712528090392
0.804554506792211,0.940523613128399,-0.204762719552353
1.45103564875772,-1.58001110881281,0.078726292442996
0.798793711024647,-0.548731015064968,-1.33826589318506
0.21692478937968,0.711861517361881,-0.921029235202948
-0.0689971962824077,0.612873622598499,0.200261948609106
1.6284169621075,0.356334107598921,0.427069127739095
-2.49168698142231,0.288570307268879,1.14009020938031
0.99290910096881,-1.66854171402762,-0.465705956438507
-0.167695281953007,0.851062197178538,1.45390062123435
-1.12710117964319,0.215776063450083,-0.864556217319535
0.836662040400748,-1.81470708529688,-1.59628307950226
-0.980278646483449,-0.173451330152109,-1.94601344555199
0.344005988229784,0.953767761271997,1.10405027494058
0.185534561177573,0.703787584477816,0.304872111305456
0.141199612995274,-0.631284950402577,-0.130421889948526
-1.85209740277942,0.907591768209854,-0.293613387011894
0.162420018098686,-0.396963325733646,1.58625545540677
-0.493178962831244,0.381958965453471,1.20114550405925
-0.70378506653743,0.928532701142653,-1.00373971119925
-1.18362070634854,0.390576088768169,-1.39101698281623
-1.1386981820339,-0.652702548747161,1.08529588092986
-0.84560346853087,0.819982366814568,0.560611806017343
1.24699040807504,1.47743008578332,-0.510980985089714
0.695165011889778,-0.929196433792633,0.396451965571097
0.27483248030804,-0.182194333185985,-2.02323110391136
1.71648527264982,1.0036584716744,-0.665141472933446
1.61208119736512,-0.851991888128706,0.435007205526097
0.902960768100829,-1.71937580296318,-0.0729116390239619
-1.18344198624181,-0.494699035304771,-1.28188764411534
1.43308002390937,1.06648977745833,1.01526613067697
-0.202126635484378,-1.36184763274346,1.16305933920202
-0.242671297917503,-0.24830383060076,-0.940039838457001
0.237540119595662,0.961930078148629,-0.185466629123019
0.0629377155423012,0.0469274542718289,0.730613939460249
-0.493880053554895,0.566919054335015,0.863724842718663
0.684869475041558,1.62398016004902,-0.528747614634865
-0.48204249043091,0.900771211455154,-0.878539839568099
-0.564795167351673,0.591190651472621,0.345075406845387
-0.254293407504726,0.490986408183824,-1.91601821802967
-0.759682871256907,-1.15841660363659,-0.950077589348363
0.153682006360345,0.839196893439883,0.773587127057442
-0.0972534984139286,0.542106621872022,-1.7037984055143
-0.295900576371233,0.403620734272322,-1.20077712678264
0.463791381562935,0.0572003437749521,-0.240785063614367
-1.82483093838315,-1.27104788310115,-0.302073501137212
0.252441911929357,0.153593751976728,-1.75404475768728
0.901248254480784,1.25495609521765,0.50937884189092
0.880440689856259,-0.611712959847967,-1.02145633708376
2.23177009882985,-1.80084924747675,-0.158058937403218
-0.639834830368802,1.83802787018593,-0.196572207000955
-0.980103654491157,-0.564277936786275,0.696628740831187
0.326097975989528,1.14035660065238,-0.0659814597136106
-1.68526239503335,0.624053470472814,-0.13434798554826
1.21069157198561,1.65773610024556,1.65474084400222
-1.04711359062743,-0.0420905845473089,0.371894882020314
0.438546775700866,-0.300444528172987,0.623540462610103
-0.33780518841252,1.7322579791517,0.474898626830697
-2.37947638574378,2.15652982339948,0.571634626645242
0.259344892403064,0.318518880351254,1.33573646703799
-1.10300468277767,0.16984704552344,-0.0571041609665933
0.922301059107954,0.742349498291056,0.242843946422432
-2.45149100964402,-0.672536690409532,1.96963413281427
-0.131003819224936,0.49782615238744,-0.530038313429479
-1.05339701036674,-0.989612002140715,1.29100897953624
1.12716590131421,-0.297479614412297,-0.607078196072321
-0.727834639228732,0.794883533831671,1.71013967532023
0.935340589208178,-0.762953410175363,-0.666247379760654
-0.468292103835751,0.850860623631441,-0.814372276715255
0.12982106876817,0.502179059686094,1.03640262444953
1.46235284119442,1.43374253551606,0.964931532612911
-0.682169375643072,2.16566298935473,0.551710837460081
1.81861838674073,-0.575375757570541,0.273188529340283
0.986158368247289,0.390638832603374,0.241859803341899
1.28460132176685,1.55866378109588,2.05476070604651
-2.24640056940027,0.199045427726552,-1.43253449521809
-0.168516631588257,-0.653813001319679,-0.986336317053269
-1.46661662751573,-0.997570805415241,-1.27914012290609
0.759275035989203,1.4004443032093,0.960755490376344
1.22277702922995,2.59949170568404,-0.245641935333867
-0.617535389141603,-1.04730028301091,-0.130008455896796
-0.511773942223519,0.1105373040221,1.78330681833913
-1.62158019298443,-1.56806914561435,-0.579026452784536
0.790937635334595,0.0696712063141521,2.02279460124328
1.46152195521853,-0.307179864752321,-1.40944081364363
-1.69993221571343,-0.0120532862537221,1.31783561304849
-1.81251474524571,2.89485439080467,0.323121002574827
1.14414109742141,-1.39868047845967,-0.388600519991625
1.34854185723644,0.432113401706453,-0.172836903387074
0.371556455073257,1.83265771671135,1.33897466777892
0.242249032302166,-0.611022543415865,1.70380587237689
-0.621258548098154,-0.819342713160187,-1.67846782105134
0.339038070553804,0.04830946044581,3.42109460835705
-0.452140126031672,1.30055136995643,2.57794265437777
2.04323321252589,-0.343124840404993,-0.52532183465562
-0.449337685075739,-1.02579127077834,-0.0643819052069338
-3.13738452799538,0.0705485417925557,-0.663547355536672
0.499962209076086,-2.01781926811074,-0.0930010885901879
-1.25714158968218,-1.4754551209871,0.739859438245835
0.822761428159943,1.08646279809096,0.103362814930562
-1.54609608135241,0.458815574442382,0.192006998204335
-0.258780758988273,-2.17399642996397,1.47880760269639
0.390407377124082,0.617616257222932,-2.20386847858085
-0.197270203079809,-2.30479535244892,-0.491443047401821
-1.94694947947191,-0.446968711845108,0.144417271262889
-1.42763817341705,0.29949067695872,-0.783100637317684
-0.850418042257596,-1.42847458672458,1.06096624028704
1.62446909297786,1.26749748403291,-0.445505642122027
-0.126638161398654,1.21450578994531,-0.429180153772765
1.27560202747805,-0.67485593104277,1.18901180052985
0.179496176715821,1.12102190988245,0.834294073061504
