-1.489595752689480690e-01,5.940241372714554213e-01,1.000000000000000000e+00
-5.149217630720704930e-01,2.109276160289473567e-01,0.000000000000000000e+00
5.979736423871666595e-01,9.614070773110614532e-01,1.000000000000000000e+00
-5.304832633722066371e-01,-2.700949683892767128e-01,0.000000000000000000e+00
-5.700144552390726815e-01,1.103591521239521533e+00,1.000000000000000000e+00
5.533032584455712666e-01,1.075213507799882562e+00,1.000000000000000000e+00
1.442564163924945631e-01,4.522828020606802224e-01,0.000000000000000000e+00
6.051766884186994266e-01,1.316653421356693832e+00,0.000000000000000000e+00
3.255910168882493738e-01,-3.752854495968485082e-01,0.000000000000000000e+00
2.299010410038979657e-01,5.573161805223332266e-01,1.000000000000000000e+00
2.841805670918485238e-01,1.310547069871990100e+00,1.000000000000000000e+00
-4.851474344129123040e-01,7.713784660734341880e-01,1.000000000000000000e+00
1.354251479711974238e+00,-1.998809621985558338e-01,1.000000000000000000e+00
1.392903789113264512e+00,1.408603307859949361e+00,0.000000000000000000e+00
4.340972280992851928e-01,-3.001116200507564225e-01,0.000000000000000000e+00
-7.430346533425972663e-03,5.032884372036865450e-01,1.000000000000000000e+00
-1.790802870168637095e-01,1.407549650258380858e+00,1.000000000000000000e+00
8.773439313197599621e-01,1.474175902835098917e+00,0.000000000000000000e+00
-5.361905436012227577e-01,9.127833402010593344e-01,1.000000000000000000e+00
1.228803915554239179e+00,1.459641393290296074e+00,0.000000000000000000e+00
-4.252753996523553348e-01,1.752999443059004014e-01,0.000000000000000000e+00
-2.431138864033027536e-01,5.377669639301416726e-01,0.000000000000000000e+00
-2.339696349547234766e-01,6.331528127347945123e-01,1.000000000000000000e+00
-3.525833287733620008e-02,-5.885662680120159473e-01,0.000000000000000000e+00
5.637668182932703553e-01,1.455970884273538324e-01,0.000000000000000000e+00
-5.723449219459639803e-01,1.172988196353205614e+00,1.000000000000000000e+00
4.188143904232403125e-01,7.449583531463692676e-01,1.000000000000000000e+00
-3.797746511956450743e-01,-2.979658696338101653e-01,0.000000000000000000e+00
2.528375010016777336e-01,1.312709067980291966e+00,1.000000000000000000e+00
3.014134544753979683e-01,3.378912353325824736e-01,0.000000000000000000e+00
-4.348241781300978825e-01,3.664325613434026713e-02,0.000000000000000000e+00
1.199635424576452475e-01,4.197004906614170139e-01,1.000000000000000000e+00
-4.326821681911572348e-01,-1.086975168747434523e-01,0.000000000000000000e+00
-5.529030812849458076e-01,9.359202915404447598e-01,1.000000000000000000e+00
3.844463129655382727e-01,6.716053577513053652e-01,1.000000000000000000e+00
6.396365461897852989e-02,5.105236964260190247e-01,1.000000000000000000e+00
-3.836693407273658596e-01,-2.580286704695145539e-01,0.000000000000000000e+00
-1.545722416227376661e-01,1.375160943624900600e+00,1.000000000000000000e+00
-4.835115113445755952e-01,8.488079109723485338e-01,1.000000000000000000e+00
1.081668548553555570e-01,1.397410111241250030e+00,1.000000000000000000e+00
-5.907429758029459910e-01,9.191452050178436917e-01,1.000000000000000000e+00
-1.509623981671844029e-01,1.410109101134781939e+00,1.000000000000000000e+00
-2.949560368392353249e-01,1.348736570589752715e+00,1.000000000000000000e+00
-3.162801375526501091e-01,3.305094929752262489e-01,0.000000000000000000e+00
4.416457136800823746e-01,6.373510973406809610e-01,1.000000000000000000e+00
-3.403438016647322706e-01,-3.460220196446750496e-01,0.000000000000000000e+00
4.206671183920491358e-02,5.016534777241552501e-01,0.000000000000000000e+00
-4.006877422348297801e-01,-4.404159275382658056e-01,0.000000000000000000e+00
1.515204401082307584e+00,7.169308598045280867e-01,0.000000000000000000e+00
1.077680360493590422e-01,4.571606101639166808e-01,0.000000000000000000e+00
2.580732329031739658e-01,6.249738008223856278e-01,1.000000000000000000e+00
1.064249284073416207e-01,4.280317248963659837e-01,1.000000000000000000e+00
-1.584219728330772126e-01,-4.907294488293706403e-01,0.000000000000000000e+00
2.870540990767244671e-01,5.231011255824858930e-01,0.000000000000000000e+00
4.641090845918385832e-01,-3.242898783494239656e-01,0.000000000000000000e+00
1.480160595004547774e+00,-1.815862721546931680e-01,1.000000000000000000e+00
3.393259406935579259e-01,7.552554392447266007e-01,1.000000000000000000e+00
1.358248101969701471e+00,-4.414369007611474993e-01,1.000000000000000000e+00
-4.008337328921842690e-01,-1.294275796900908881e-01,0.000000000000000000e+00
-3.573431130331941596e-01,2.422356975999161999e-01,0.000000000000000000e+00
-4.308612699802156221e-01,-1.003148392411402634e-01,0.000000000000000000e+00
-2.815981102713934758e-01,1.322520691035287133e+00,1.000000000000000000e+00
-3.687741301298804730e-01,1.243178561103477131e+00,1.000000000000000000e+00
-3.969349001561869872e-01,1.566217980552279398e-01,0.000000000000000000e+00
-5.139463695523186493e-01,2.263719317674531828e-01,0.000000000000000000e+00
-3.243830317861684520e-01,1.396798086304155362e+00,1.000000000000000000e+00
-5.196189625171397930e-01,2.499001098884164329e-01,0.000000000000000000e+00
6.358210756430782151e-01,-2.204418248043849837e-01,1.000000000000000000e+00
-3.880245394896366107e-01,1.210258443672661111e+00,1.000000000000000000e+00
1.520595557618951155e+00,1.046336871004584168e+00,0.000000000000000000e+00
-3.884008258568576455e-01,6.511608574919125481e-01,1.000000000000000000e+00
-3.999258952477399709e-01,-2.822407200595126731e-01,0.000000000000000000e+00
1.416972281697629565e+00,1.293584907404075501e+00,0.000000000000000000e+00
6.903181566306277883e-01,4.482790707475123315e-01,1.000000000000000000e+00
-6.723074109561834322e-02,5.776049343291724814e-01,0.000000000000000000e+00
-4.265092447180144353e-01,-3.333152587162100944e-01,0.000000000000000000e+00
-2.178110328033015797e-01,1.490373034079536918e+00,1.000000000000000000e+00
4.658494766926317698e-01,1.013448336455943455e+00,1.000000000000000000e+00
7.005209474680409998e-02,4.165793460530170522e-01,0.000000000000000000e+00
-3.228586743114866819e-01,1.452797782358334011e+00,1.000000000000000000e+00
4.567256176500789633e-01,1.110110731115113047e+00,1.000000000000000000e+00
4.968500816345108873e-01,-2.698885784157408763e-01,0.000000000000000000e+00
3.273289319000000641e-01,-4.160052394949994570e-01,0.000000000000000000e+00
-5.399718903235598555e-01,1.180700216759861698e+00,1.000000000000000000e+00
2.997475061584085609e-01,1.471121227861184932e+00,1.000000000000000000e+00
9.532923874223475647e-02,-5.113639712486457434e-01,0.000000000000000000e+00
5.650193284789490900e-01,7.513167239628715244e-01,0.000000000000000000e+00
-2.948555296652121682e-01,1.301476266249768754e+00,1.000000000000000000e+00
6.363318756429447998e-01,-3.333105072734699470e-01,1.000000000000000000e+00
-2.060078398294547253e-01,5.776117192745517936e-01,1.000000000000000000e+00
1.205567982080117673e-01,-4.777876687533113009e-01,0.000000000000000000e+00
1.360640669473925257e+00,7.004880687081835866e-01,0.000000000000000000e+00
-5.619342130403808672e-02,4.298975639675229887e-01,1.000000000000000000e+00
-3.503021579093665988e-02,1.522449331043416620e+00,1.000000000000000000e+00
4.051295840875001608e-01,5.676707226189099398e-01,1.000000000000000000e+00
5.452321009753886560e-01,7.514628182622732355e-01,1.000000000000000000e+00
5.332679753518823063e-01,1.271980642060784650e+00,0.000000000000000000e+00
3.530498845580189171e-02,-4.270810277863725801e-01,0.000000000000000000e+00
9.804811266445775386e-01,4.251221753675312742e-01,0.000000000000000000e+00
-1.222215004134632188e-01,1.569623857304227155e+00,1.000000000000000000e+00
2.786020414259384737e-01,1.337493847928082014e+00,1.000000000000000000e+00
9.031372767337260132e-01,-3.943223254501130315e-01,1.000000000000000000e+00
-4.959922722033085485e-01,1.006890323107087371e+00,1.000000000000000000e+00
8.072418788880095786e-01,1.384729607358315295e+00,0.000000000000000000e+00
1.369534107266755507e-01,4.700780850442752290e-01,0.000000000000000000e+00
2.594788626972748258e-01,-3.903014798366770122e-01,0.000000000000000000e+00
2.794096681060274090e-01,-3.230209005386636134e-01,0.000000000000000000e+00
2.662120283828108280e-01,5.561980742837330238e-01,1.000000000000000000e+00
9.783641023152344074e-01,4.843987049988278670e-01,1.000000000000000000e+00
4.400116789056831013e-01,8.628868824225506273e-01,1.000000000000000000e+00
-2.239206365116483133e-01,1.472354671232830814e+00,1.000000000000000000e+00
2.629189155118613064e-01,5.050782541085476751e-01,0.000000000000000000e+00
-5.089714383136281217e-01,-1.897703795155015194e-01,0.000000000000000000e+00
1.185708553229689377e+00,5.241323632814511857e-01,1.000000000000000000e+00
3.580803034468218460e-01,-2.057006572861356242e-01,0.000000000000000000e+00
-5.490651733287444936e-01,-1.091844698622791987e-01,0.000000000000000000e+00
4.098322647470413749e-01,1.420926024762303230e+00,1.000000000000000000e+00
2.659620347553528497e-01,3.684150245237596266e-01,0.000000000000000000e+00
3.792368279648085094e-01,6.223614274730255858e-01,1.000000000000000000e+00
-4.212703758811109922e-01,-2.096559966542783371e-01,0.000000000000000000e+00
1.285420644443656002e+00,5.590083082839859552e-01,0.000000000000000000e+00
8.035504336043451656e-02,1.519002475339685798e+00,1.000000000000000000e+00
-3.386743426125880529e-01,6.614214828184132866e-01,1.000000000000000000e+00
-3.065956950338848963e-01,-3.556007944283902655e-01,0.000000000000000000e+00
1.154685821153302427e+00,1.542505460683872620e+00,0.000000000000000000e+00
-5.266499831760141914e-01,9.358523237802411909e-01,1.000000000000000000e+00
4.426016077676424576e-01,8.718297094844127196e-03,1.000000000000000000e+00
2.286456485497203039e-01,5.167283780419218431e-01,0.000000000000000000e+00
1.199301752336035420e+00,1.449520952101264415e+00,0.000000000000000000e+00
3.557351842709912670e-01,4.425116272302943576e-01,0.000000000000000000e+00
4.051679675939513087e-02,5.048746312508723966e-01,0.000000000000000000e+00
4.283962469948566776e-01,1.291690412217968431e+00,1.000000000000000000e+00
1.660633693103121533e-01,-4.701015853010582779e-01,0.000000000000000000e+00
-1.703526699379111498e-01,1.463266145261990836e+00,1.000000000000000000e+00
-5.556831514606023203e-01,9.670563572941965891e-01,1.000000000000000000e+00
1.545423171450011957e+00,1.167311722954949449e+00,0.000000000000000000e+00
-4.640360271971753492e-01,7.519334675568585258e-01,1.000000000000000000e+00
3.182009942577570527e-01,-3.746516600816812148e-01,0.000000000000000000e+00
4.539263682172504089e-01,1.383359813279948947e+00,1.000000000000000000e+00
-3.598337429159323975e-01,3.769021965620194536e-01,0.000000000000000000e+00
-4.772556864269963950e-01,-2.935992661235824475e-01,0.000000000000000000e+00
2.159050550382549949e-01,4.411181690959992130e-01,0.000000000000000000e+00
2.303074816138243330e-01,-3.416514780149844666e-01,0.000000000000000000e+00
-3.446196673337131311e-01,4.579204832541592385e-01,0.000000000000000000e+00
5.629596766693175658e-01,-1.628940889233649880e-01,0.000000000000000000e+00
-1.109120146454861677e-01,5.224637917423795574e-01,1.000000000000000000e+00
4.161005570788797736e-01,1.738038555360140736e-01,0.000000000000000000e+00
5.494966051911963634e-01,9.837186880676095369e-01,0.000000000000000000e+00
-2.425722997663128100e-01,5.148184719329219616e-01,0.000000000000000000e+00
5.363621629425197046e-01,3.227094663251053874e-01,1.000000000000000000e+00
-3.740909582318087678e-01,1.332347540366747296e+00,1.000000000000000000e+00
1.167139188188152793e-01,4.079371555993622223e-01,0.000000000000000000e+00
1.212549618656088235e+00,1.424582810266950217e+00,0.000000000000000000e+00
4.210480832756473002e-01,-2.106829371497728476e-01,0.000000000000000000e+00
6.274205426758096282e-02,4.105347491506119439e-01,1.000000000000000000e+00
1.104823617559031329e-01,1.458519287390848351e+00,1.000000000000000000e+00
-3.501573755076932415e-02,4.932236166419924350e-01,0.000000000000000000e+00
5.049075837641303632e-01,1.241082908112365102e+00,1.000000000000000000e+00
4.475713003151113312e-01,6.561940667160394425e-02,0.000000000000000000e+00
5.863754897590908177e-01,1.056482207233586657e+00,1.000000000000000000e+00
-4.875571333838791266e-01,-1.031664223490025567e-01,0.000000000000000000e+00
5.002021006044544693e-01,-1.674477843486232853e-01,0.000000000000000000e+00
-5.335340808901053444e-01,1.264121375537816450e+00,1.000000000000000000e+00
-5.198167793685991578e-01,1.199128765300340405e+00,1.000000000000000000e+00
4.980881571603860136e-01,9.038711213071004558e-01,0.000000000000000000e+00
-5.684665154626826755e-01,-1.192883912271122115e-01,0.000000000000000000e+00
1.792816691468353540e-01,4.710382537382531987e-01,0.000000000000000000e+00
5.994006322891450196e-03,1.505541927353542420e+00,1.000000000000000000e+00
1.486234156977445930e-01,-4.185219466102673702e-01,0.000000000000000000e+00
3.030987938501210691e-02,1.428883990241623048e+00,1.000000000000000000e+00
-5.075581829677654477e-01,8.458279451689346695e-01,1.000000000000000000e+00
5.962386600370557233e-01,-2.556187326522307846e-01,1.000000000000000000e+00
3.628429330761755445e-01,6.049808117713084687e-01,1.000000000000000000e+00
-3.622823467576229972e-01,1.365488405687016460e+00,1.000000000000000000e+00
5.196691538982347591e-01,9.228419989233520582e-01,1.000000000000000000e+00
5.453491839011510578e-01,2.444233993002861011e-02,0.000000000000000000e+00
-1.246213939536148889e-02,5.532037836583376667e-01,1.000000000000000000e+00
-2.226343662917954630e-02,1.490083414657206839e+00,1.000000000000000000e+00
4.134920921961404150e-01,7.596737423507096687e-02,0.000000000000000000e+00
1.918614433475307746e-01,5.038516261554317754e-01,0.000000000000000000e+00
4.226133184913206664e-01,1.208491171464736169e+00,1.000000000000000000e+00
-5.606539108548765915e-01,-4.115013408494531261e-02,0.000000000000000000e+00
1.478063310160514066e+00,1.317129830888077446e+00,0.000000000000000000e+00
1.387302545060308923e+00,1.409609781892483760e+00,0.000000000000000000e+00
2.384191464396920035e-01,6.177385120516226680e-01,1.000000000000000000e+00
-5.034045335347046013e-01,1.046648192214911788e+00,1.000000000000000000e+00
-1.106605453841482262e-01,1.463165868214403975e+00,1.000000000000000000e+00
-3.347603396536412701e-01,1.490580055966776563e+00,1.000000000000000000e+00
4.770031819069425194e-01,-3.472647055648882541e-01,0.000000000000000000e+00
1.110040889046201240e+00,4.488611235169788771e-01,1.000000000000000000e+00
2.706744495954832921e-02,5.354037552728497795e-01,1.000000000000000000e+00
5.458329094418741256e-01,-7.885396612903550206e-02,0.000000000000000000e+00
1.350014374976105103e+00,1.476993699601451215e+00,0.000000000000000000e+00
4.081795182521082421e-01,2.790723523376518744e-01,0.000000000000000000e+00
1.249967848971452300e+00,6.614476856778495062e-01,0.000000000000000000e+00
5.142127350311123113e-01,1.207731859729413326e+00,1.000000000000000000e+00
1.520614776145666092e+00,5.484902192434873425e-03,1.000000000000000000e+00
4.020016883302174326e-02,-4.566854770435042066e-01,0.000000000000000000e+00
-5.090755931471284690e-01,8.261266540986269558e-01,1.000000000000000000e+00
-4.936113572582497833e-01,-1.694301538376032923e-01,0.000000000000000000e+00
-5.027348551484038808e-01,-1.011091754755799876e-01,0.000000000000000000e+00
-1.389283919323578143e-01,-3.822978616038421595e-01,0.000000000000000000e+00
3.751567850523978009e-01,4.365609567058371110e-01,0.000000000000000000e+00
1.461299737880290106e+00,2.945040987964456236e-01,1.000000000000000000e+00
3.575105474287111340e-01,7.161370563253665056e-01,1.000000000000000000e+00
3.324427812594568654e-01,3.021703415941038307e-01,0.000000000000000000e+00
4.530801803217195944e-01,1.478335273586107446e-01,0.000000000000000000e+00
1.234459221712093241e-01,-3.885093315369178013e-01,0.000000000000000000e+00
-2.680696839459720815e-01,5.044474194116610466e-01,1.000000000000000000e+00
1.878682268828723023e-01,-4.569465066197537784e-01,0.000000000000000000e+00
1.292042396234229784e+00,1.388863465372740080e+00,0.000000000000000000e+00
1.497396739570466817e+00,8.384973627494252124e-01,0.000000000000000000e+00
6.722738025794179340e-01,-4.696711592965231441e-01,1.000000000000000000e+00
2.121088019073386621e-01,-4.735799585619634433e-01,0.000000000000000000e+00
9.742256540632414641e-01,5.643316870764473192e-01,1.000000000000000000e+00
-3.056039677087364348e-01,1.396523495081062549e+00,1.000000000000000000e+00
1.339002169631572592e+00,-3.385236977663445557e-01,1.000000000000000000e+00
-9.475899703390451567e-02,-5.518016730691990279e-01,0.000000000000000000e+00
-3.085056435763471883e-01,3.974126716774629142e-01,0.000000000000000000e+00
-4.715273393352341080e-01,1.223947467598345051e+00,1.000000000000000000e+00
2.087894577950787922e-01,6.265283065787079497e-01,1.000000000000000000e+00
4.404267552195769153e-01,6.153113834061073595e-01,1.000000000000000000e+00
1.341434391573208984e+00,1.331287359898964073e+00,0.000000000000000000e+00
4.812350789741570156e-01,-1.978190317350981831e-01,0.000000000000000000e+00
-3.183153222256135395e-01,4.878801373967645016e-01,0.000000000000000000e+00
-4.775577692423818021e-01,1.548041615564501872e-01,0.000000000000000000e+00
4.221249277739630990e-01,-3.042313528008845358e-01,0.000000000000000000e+00
-4.963955227221378830e-01,1.178386244892928758e+00,1.000000000000000000e+00
1.120299301283066706e-01,4.470085060848899561e-01,1.000000000000000000e+00
-4.517452779688047593e-01,6.287982691624612874e-01,1.000000000000000000e+00
4.759190911040214189e-01,9.944496284554360521e-01,1.000000000000000000e+00
4.440781075197993699e-01,-1.064693514464366275e-01,0.000000000000000000e+00
-4.689023747616272164e-01,2.774890468629382934e-01,0.000000000000000000e+00
-4.256838636391178099e-01,-1.234286865606065847e-01,0.000000000000000000e+00
-3.659213868017543447e-01,7.638186714929102727e-01,1.000000000000000000e+00
-5.239130845478939813e-01,1.179931462022476563e+00,1.000000000000000000e+00
8.232857962564717191e-02,-5.776335052610728216e-01,0.000000000000000000e+00
5.801602105494589878e-01,1.117105927452417546e+00,1.000000000000000000e+00
-2.996187102754273579e-01,4.113326301598931867e-01,0.000000000000000000e+00
-4.025420011974807366e-01,8.595449188012767028e-01,1.000000000000000000e+00
-5.874148353389417876e-01,8.969061239366863392e-01,1.000000000000000000e+00
4.749181685511206230e-01,3.114140172543460872e-01,0.000000000000000000e+00
-4.926584663208687376e-01,7.782916435622682094e-01,1.000000000000000000e+00
7.442125953261469196e-02,-5.065667151242478905e-01,0.000000000000000000e+00
5.730780062014120269e-01,-4.677418393267441382e-02,0.000000000000000000e+00
-3.754514420093049698e-01,-4.374754814370902523e-01,0.000000000000000000e+00
5.122089751239560229e-01,9.889041030397583976e-01,1.000000000000000000e+00
5.571378154431949614e-01,1.034814693050773560e+00,1.000000000000000000e+00
6.102868629102053966e-01,2.890350282378890689e-01,1.000000000000000000e+00
7.487047713192175602e-02,1.523942898795697332e+00,1.000000000000000000e+00
4.791846281854425516e-01,1.084406421368176332e+00,1.000000000000000000e+00
-4.434184999417064565e-01,1.042744096827223022e+00,1.000000000000000000e+00
4.394231765391000688e-01,2.670325965637233012e-01,0.000000000000000000e+00
6.389051621898973465e-01,-3.385323906322910137e-01,1.000000000000000000e+00
8.542777130730371260e-01,-3.929641165000181124e-01,1.000000000000000000e+00
5.629272553794422151e-01,1.043180592478187840e+00,1.000000000000000000e+00
6.011285514108747341e-01,-2.035267756755448909e-01,1.000000000000000000e+00
-4.766515534332037562e-01,2.512165808957032564e-01,0.000000000000000000e+00
4.630914539754664716e-01,1.042269457554263257e+00,0.000000000000000000e+00
7.390993899166274639e-02,1.525030913050580139e+00,1.000000000000000000e+00
-3.196576285773314319e-01,6.381840764115548348e-01,1.000000000000000000e+00
-5.466078799918524522e-01,1.460588495410937715e-01,0.000000000000000000e+00
-4.830829510683185557e-01,-2.580889893653534051e-01,0.000000000000000000e+00
1.512268685111066990e-01,3.747782681948436112e-01,0.000000000000000000e+00
-3.713490757153285471e-01,1.444421448566015620e+00,1.000000000000000000e+00
3.934163798366397957e-01,2.214046746639708740e-01,0.000000000000000000e+00
3.510834310734276542e-01,-2.022277774030771247e-01,0.000000000000000000e+00
3.845250276270351097e-01,4.528379236564809007e-01,0.000000000000000000e+00
4.020081317859994785e-01,1.424334285138182166e+00,1.000000000000000000e+00
5.071561949079375076e-01,-3.167698457109878185e-01,1.000000000000000000e+00
-4.511346991178712962e-01,-1.031817282003728289e-03,0.000000000000000000e+00
3.053414969029992765e-01,-4.792945239302682792e-01,0.000000000000000000e+00
4.489649703532458958e-01,1.340290223630697053e+00,1.000000000000000000e+00
1.479687269671205119e+00,-1.947426291526368758e-01,1.000000000000000000e+00
-9.556354655659755198e-03,-5.408221148933352040e-01,0.000000000000000000e+00
8.842774093962513238e-01,4.642548769256082952e-01,1.000000000000000000e+00
-5.358556980747883891e-01,9.529934491757928727e-01,1.000000000000000000e+00
-4.429429606345687276e-01,1.044564289124561451e+00,1.000000000000000000e+00
3.016933452409045757e-01,-3.516827163308086091e-01,0.000000000000000000e+00
1.447604996951045386e+00,6.511368057890254413e-01,0.000000000000000000e+00
-4.693779252785838518e-01,1.459872541023996273e-01,0.000000000000000000e+00
-3.995795440033373530e-02,1.515190066493533605e+00,1.000000000000000000e+00
-4.021026699620030564e-01,2.946872241658757829e-01,0.000000000000000000e+00
-1.851619469616261060e-01,6.075589233581639714e-01,1.000000000000000000e+00
2.107689558638144445e-01,1.506246368277769365e+00,1.000000000000000000e+00
1.712985900878800649e-01,5.051925750127479464e-01,0.000000000000000000e+00
4.347215498254156096e-01,-2.413762534709837093e-01,0.000000000000000000e+00
8.692946947221419363e-01,1.584771791362549642e+00,0.000000000000000000e+00
1.407301735442975765e+00,-3.951922300389396070e-01,1.000000000000000000e+00
4.781978640614356624e-01,-9.715609854277880431e-02,0.000000000000000000e+00
-4.426429175332013410e-01,2.143308951646719362e-01,0.000000000000000000e+00
-4.877140977489382023e-01,3.174286693037418616e-01,0.000000000000000000e+00
-8.129866830090795582e-02,5.603788827679817564e-01,0.000000000000000000e+00
-1.029339060394407757e-01,1.565575206554328247e+00,1.000000000000000000e+00
1.056807000917574069e+00,4.274007729938594791e-01,1.000000000000000000e+00
5.576682792886837881e-01,-1.928597477604723220e-01,1.000000000000000000e+00
1.505172140065645259e+00,-2.178427052986714185e-01,1.000000000000000000e+00
-5.205777513452267691e-01,-2.227555126719316658e-01,0.000000000000000000e+00
1.060982457009891800e+00,4.099521901714088257e-01,1.000000000000000000e+00
-1.079078658230425841e-01,5.535285483541111384e-01,0.000000000000000000e+00
4.607788937032068488e-01,-1.809917036016778780e-01,0.000000000000000000e+00
5.728204946350886617e-01,1.085929420651284172e+00,1.000000000000000000e+00
-3.784642038938442754e-01,8.123681149592064665e-01,1.000000000000000000e+00
1.284753207326021274e+00,-4.768653418496577312e-01,1.000000000000000000e+00
2.255849995422505860e-01,-3.350995127539447282e-01,0.000000000000000000e+00
5.218403422138405690e-01,-1.143976115527234744e-01,0.000000000000000000e+00
-1.069791354096790298e-01,-4.222376529711890369e-01,0.000000000000000000e+00
-6.749858354241261571e-02,-4.890648576364194922e-01,0.000000000000000000e+00
4.444129277977142828e-02,5.497608439201226993e-01,0.000000000000000000e+00
-4.156411110957196064e-01,-2.122532343887884865e-01,0.000000000000000000e+00
6.014956583111639166e-01,7.860120559391819972e-01,0.000000000000000000e+00
2.343927760903062041e-01,5.182473823453019879e-01,0.000000000000000000e+00
-2.792230015829159639e-01,4.731317491779447604e-01,0.000000000000000000e+00
3.584715758251526274e-02,5.303764218867395019e-01,1.000000000000000000e+00
4.382793262825722680e-01,8.721871406252529324e-01,1.000000000000000000e+00
4.128344546635814849e-01,-2.161282827849562160e-01,0.000000000000000000e+00
5.305941405783122233e-01,9.952849678333210992e-01,1.000000000000000000e+00
1.279969455607930184e+00,7.139853370131206134e-01,0.000000000000000000e+00
1.311524744183128810e+00,-4.666186174561445243e-01,1.000000000000000000e+00
-2.414756833128363367e-01,4.961132060232137930e-01,0.000000000000000000e+00
9.823814034392340799e-01,5.518640297111730986e-01,1.000000000000000000e+00
-1.013441508291728632e-01,-5.019621158362004287e-01,0.000000000000000000e+00
-3.226148563911160339e-01,1.290167291001926397e+00,1.000000000000000000e+00
-1.156457709983462340e-01,4.641185765600308599e-01,1.000000000000000000e+00
-1.731254080081746360e-01,4.592524503599043628e-01,0.000000000000000000e+00
7.142094125339446542e-01,5.288049154196581281e-01,0.000000000000000000e+00
1.272683531422616365e+00,-3.698033266685771814e-01,1.000000000000000000e+00
4.598273736140012224e-01,-3.483842200021204372e-01,0.000000000000000000e+00
4.831540481623704253e-02,-4.546802819397365303e-01,0.000000000000000000e+00
1.601381735866479195e-01,5.430500442444126108e-01,0.000000000000000000e+00
2.650450285028808639e-01,5.244694191299685837e-01,1.000000000000000000e+00
6.142259063624382343e-01,8.414489152647730563e-01,0.000000000000000000e+00
6.253353343441637735e-01,3.691486607415339627e-01,1.000000000000000000e+00
1.283457208451421472e-01,-5.751588095499536868e-01,0.000000000000000000e+00
5.358603112026629756e-01,1.253335531858988716e+00,1.000000000000000000e+00
4.438809300378683265e-01,1.032198016032935817e-01,0.000000000000000000e+00
-1.729972939602271165e-01,-4.769719743190639072e-01,0.000000000000000000e+00
3.688533079784147434e-02,5.401910294637120025e-01,1.000000000000000000e+00
-3.299664988741564664e-01,1.283088935795463126e+00,1.000000000000000000e+00
-1.986769073216387849e-01,1.457709697395310977e+00,1.000000000000000000e+00
2.511921931952401654e-01,1.315109566869215652e+00,1.000000000000000000e+00
-5.109225383366036155e-01,1.129460517899572247e+00,1.000000000000000000e+00
-3.823479306459751648e-01,6.193314293341383170e-01,1.000000000000000000e+00
-1.123685764295599826e-01,1.508167541167645842e+00,1.000000000000000000e+00
-5.681310591662928067e-01,-4.914291960226575134e-02,0.000000000000000000e+00
-3.426345308631095210e-01,7.660823477271681003e-01,1.000000000000000000e+00
-5.193904258813935026e-01,1.292682174384261806e+00,1.000000000000000000e+00
-1.847883610546930122e-01,5.525606632575985611e-01,0.000000000000000000e+00
5.781621293284044949e-01,8.825901875762750537e-01,1.000000000000000000e+00
5.708581890524008079e-02,5.209478097420610077e-01,1.000000000000000000e+00
-5.157648714221456654e-01,1.022531475171017501e+00,1.000000000000000000e+00
-3.983253550378421104e-01,1.287203415696177800e+00,1.000000000000000000e+00
1.845418231664849862e-02,-5.059091459993615425e-01,0.000000000000000000e+00
-2.579589495140461874e-01,1.473488637310752969e+00,1.000000000000000000e+00
-3.641758517289290786e-01,1.445141693291285279e+00,1.000000000000000000e+00
5.659406737971766077e-01,-1.557110831789805805e-01,0.000000000000000000e+00
4.793750897854463511e-01,1.316238055131822016e+00,1.000000000000000000e+00
-1.771721561208719764e-01,1.470643419023759613e+00,1.000000000000000000e+00
-2.474438812972092061e-01,4.470453490779590089e-01,0.000000000000000000e+00
3.900985983883084041e-01,6.831460015703846311e-01,1.000000000000000000e+00
-3.760371738882676840e-01,-3.536490276765597018e-01,0.000000000000000000e+00
4.295110614548921513e-01,8.111002295039719812e-01,1.000000000000000000e+00
-4.041618349525697984e-01,1.355386568092816546e+00,1.000000000000000000e+00
-4.110539378829531354e-01,-2.931738004579733659e-01,0.000000000000000000e+00
4.988632121215759718e-01,9.891645266586079899e-01,1.000000000000000000e+00
-3.868632460154700081e-01,1.278084163449902944e-01,0.000000000000000000e+00
1.484258280888599124e+00,-1.311785448759518469e-01,1.000000000000000000e+00
3.364503293266286610e-01,-4.751918317479851273e-01,0.000000000000000000e+00
1.483634970643251005e+00,2.561835830552950874e-02,1.000000000000000000e+00
3.808465279215533794e-01,1.157531541122988505e+00,1.000000000000000000e+00
-1.064305466480681694e-01,3.866076449029460238e-01,0.000000000000000000e+00
5.926208620075531508e-01,-2.266798824218745623e-01,1.000000000000000000e+00
1.425601194866268795e+00,9.977358430799606603e-01,0.000000000000000000e+00
-2.742559179918618306e-01,1.334509629255819174e+00,1.000000000000000000e+00
-5.359694157633883016e-01,1.076857729379242290e+00,1.000000000000000000e+00
2.116515412377262817e-01,-5.546706512256824873e-01,0.000000000000000000e+00
3.762087576309812165e-01,5.334893128622797409e-01,1.000000000000000000e+00
1.413806509949571355e+00,9.144987998562716935e-01,0.000000000000000000e+00
4.814263967922104981e-01,8.139246301419031937e-01,1.000000000000000000e+00
1.061001667062504650e+00,-5.292392751468547596e-01,1.000000000000000000e+00
-5.176679369772727579e-01,-1.972437737971646510e-01,0.000000000000000000e+00
-5.362031904591640918e-01,-2.572148948082986775e-01,0.000000000000000000e+00
3.776097081071137507e-01,2.302128595786088194e-01,0.000000000000000000e+00
3.299882240055561078e-01,4.547745634074331633e-01,0.000000000000000000e+00
3.644596810030896195e-01,3.043609822661700881e-01,0.000000000000000000e+00
4.553523299326001084e-01,1.067046622135199962e+00,1.000000000000000000e+00
3.716184045562513916e-01,4.186476907187381968e-01,0.000000000000000000e+00
3.021586440415629515e-01,1.453696845143722438e+00,1.000000000000000000e+00
7.909322172437945053e-02,4.580891470850758651e-01,0.000000000000000000e+00
5.820757484440122198e-01,5.952505114029110755e-02,0.000000000000000000e+00
-3.921485532547668851e-01,2.218968889651097842e-01,0.000000000000000000e+00
-3.717596104287067549e-01,-2.323977739708265600e-01,0.000000000000000000e+00
-4.652195468351220664e-01,1.154688048717818605e+00,1.000000000000000000e+00
4.146911154066064142e-01,-1.415207391472944332e-01,0.000000000000000000e+00
2.790404778693237331e-01,-3.779238937163711398e-01,0.000000000000000000e+00
9.044904892311766975e-01,1.542285602905512309e+00,0.000000000000000000e+00
2.162031382986217276e-01,-3.451556651975655199e-01,0.000000000000000000e+00
2.482640443000859454e-01,-4.268185686919793165e-01,0.000000000000000000e+00
2.428011791957866428e-01,-3.478884344131460415e-01,0.000000000000000000e+00
3.361065376552430650e-01,4.176903094647069770e-01,0.000000000000000000e+00
-2.809317649908169012e-01,1.371501563799061740e+00,1.000000000000000000e+00
-8.286770358486278409e-02,3.983920785648079610e-01,0.000000000000000000e+00
3.730342289938501921e-01,1.302047962458986019e+00,1.000000000000000000e+00
4.944209800136428190e-01,1.836442388735357867e-01,0.000000000000000000e+00
-9.737111573787857188e-02,5.765203103296560050e-01,0.000000000000000000e+00
2.311303482345519189e-01,5.339823668309694460e-01,1.000000000000000000e+00
-4.177065300494061661e-01,9.114619705750265366e-01,1.000000000000000000e+00
6.514347258591509648e-01,5.752500888331162354e-01,0.000000000000000000e+00
2.535047210695546283e-01,4.678898690632361523e-01,0.000000000000000000e+00
2.082793855408319739e-01,1.377583077090362318e+00,1.000000000000000000e+00
-3.530693821960400047e-01,-4.291237852133168995e-01,0.000000000000000000e+00
6.360269107919865744e-04,1.493173625949766326e+00,1.000000000000000000e+00
4.966743485473106845e-01,1.276678835081513919e+00,1.000000000000000000e+00
2.963205578455587741e-01,1.299397117109784450e+00,1.000000000000000000e+00
-2.936114185443540192e-01,4.159115251573343719e-01,0.000000000000000000e+00
-1.350922290481544330e-01,5.485959104829334354e-01,0.000000000000000000e+00
-5.431567911979164887e-01,3.022752158776017758e-02,0.000000000000000000e+00
4.343966432208370976e-01,1.616914711055141285e-01,0.000000000000000000e+00
-4.539586471097501463e-01,1.437654482003234216e-02,0.000000000000000000e+00
1.901086514783360271e-01,5.734857985309056438e-01,1.000000000000000000e+00
2.586782802672095705e-01,4.589717287954528380e-01,0.000000000000000000e+00
-3.961125824250812388e-01,-6.215568309934251662e-02,0.000000000000000000e+00
4.099270701222381685e-01,-3.582348454180471209e-01,0.000000000000000000e+00
3.053023208189611926e-01,3.751333067622657502e-01,0.000000000000000000e+00
2.913486578237393099e-01,3.422477150858551642e-01,0.000000000000000000e+00
-2.461269204813167355e-01,-3.327033458480592731e-01,0.000000000000000000e+00
1.119950368933406937e+00,4.606988701070193759e-01,0.000000000000000000e+00
6.856371391360561729e-01,6.807687193456721797e-01,0.000000000000000000e+00
-1.550996539585273448e-01,-4.776327905861930123e-01,0.000000000000000000e+00
4.160502882361425403e-01,9.223208548167116660e-01,1.000000000000000000e+00
-1.799873999082173270e-01,3.890610578962840904e-01,0.000000000000000000e+00
1.390990679135093000e+00,-3.221999480258107007e-01,1.000000000000000000e+00
8.675485849473486832e-02,1.456888287860400810e+00,1.000000000000000000e+00
3.261706346482141083e-01,2.940967896713095886e-01,0.000000000000000000e+00
1.404673496585902237e+00,1.247935357001747514e+00,0.000000000000000000e+00
4.649463878962163954e-01,5.693972049607709703e-03,0.000000000000000000e+00
-1.005465263478695637e-01,1.464983589584631041e+00,1.000000000000000000e+00
-1.126743352953042676e-01,4.966748390105943933e-01,1.000000000000000000e+00
1.367434885922197196e+00,2.062779659711562741e-01,1.000000000000000000e+00
3.957993804713925146e-01,6.218266172430766403e-01,1.000000000000000000e+00
-3.092097328931716627e-01,1.446328066319022554e+00,1.000000000000000000e+00
-4.640915061477599579e-01,1.239124884381445357e-01,0.000000000000000000e+00
-1.161991784929500802e-02,5.167639854047550996e-01,0.000000000000000000e+00
4.074100048412887531e-01,3.783892024612573457e-01,0.000000000000000000e+00
1.455518096616518653e+00,-1.313271873667723744e-01,1.000000000000000000e+00
1.682504945266755647e-01,4.857284877025584979e-01,1.000000000000000000e+00
2.729896265708645076e-01,-3.052744568989722573e-01,0.000000000000000000e+00
-2.613277458042245760e-01,5.553263406682982239e-01,1.000000000000000000e+00
-5.450669163687661412e-01,8.381534193926156728e-01,1.000000000000000000e+00
-2.083783354220893336e-01,5.576024708821250009e-01,0.000000000000000000e+00
1.347686824794595228e+00,2.418667513813509140e-01,1.000000000000000000e+00
-2.629827136142032489e-03,1.427220124051540306e+00,1.000000000000000000e+00
-5.086966486308298618e-01,1.993532991763451168e-01,0.000000000000000000e+00
3.977571585350443972e-01,1.231067954639092354e+00,1.000000000000000000e+00
6.151936086140782356e-01,1.562406810388494161e-01,1.000000000000000000e+00
1.111092837786615828e+00,4.760172699923507778e-01,1.000000000000000000e+00
5.041766699153170661e-01,-8.591630910316963576e-02,0.000000000000000000e+00
-3.370402069412110069e-01,4.660840385501232586e-01,0.000000000000000000e+00
-4.143033113557218483e-01,2.785491599350363168e-01,0.000000000000000000e+00
-5.069134306443244808e-01,2.478953067893380491e-01,0.000000000000000000e+00
-3.112132997721076544e-01,5.715422071871170129e-01,1.000000000000000000e+00
4.431580858974687454e-01,7.997047199737981060e-01,1.000000000000000000e+00
-4.623106221441490304e-01,1.016111520770922150e+00,1.000000000000000000e+00
4.398183494737928911e-01,4.849639044984352387e-02,0.000000000000000000e+00
-1.021965577543733489e-01,3.934687035085495110e-01,0.000000000000000000e+00
8.637538724243179478e-02,4.408753231131438133e-01,0.000000000000000000e+00
-4.304825662389771268e-01,-1.842914094962651850e-01,0.000000000000000000e+00
2.871008619311947729e-01,1.498590780321497729e+00,1.000000000000000000e+00
3.254697652184824208e-01,-2.798615692133077371e-01,0.000000000000000000e+00
-5.145479455652310352e-02,1.462547170748726977e+00,1.000000000000000000e+00
-3.559444605194409528e-01,1.397108160210779104e+00,1.000000000000000000e+00
-5.805051967664402041e-02,5.339410088375089458e-01,1.000000000000000000e+00
2.331253252809796783e-01,5.094248776044831839e-01,1.000000000000000000e+00
8.817490288647444885e-01,5.241137523023526867e-01,0.000000000000000000e+00
2.444002035149376098e-02,4.586068573705776030e-01,1.000000000000000000e+00
1.725252437051326970e-01,4.696525334507329896e-01,0.000000000000000000e+00
-4.058091271150170154e-02,1.530718495823094161e+00,1.000000000000000000e+00
-2.934516658430359054e-02,4.733160676773387476e-01,0.000000000000000000e+00
1.032004639789253497e+00,5.347224535136236856e-01,0.000000000000000000e+00
-3.328396415112851447e-01,4.623501907768451935e-01,0.000000000000000000e+00
4.814166731961049273e-01,6.518835594996253979e-01,1.000000000000000000e+00
5.841952400426062564e-01,-1.699176179493369354e-01,1.000000000000000000e+00
-1.984797658236485962e-01,5.163489779527068446e-01,0.000000000000000000e+00
-4.744069210209073684e-01,7.838012709764856645e-01,1.000000000000000000e+00
-5.549084766666215751e-01,8.004273910432226913e-01,1.000000000000000000e+00
-4.287587469166711518e-01,-1.569810205183999885e-01,0.000000000000000000e+00
-5.794870367448683446e-01,2.255949855280556596e-02,0.000000000000000000e+00
-1.364208632521296261e-01,5.323114825076581402e-01,1.000000000000000000e+00
-3.838399952458451669e-01,6.932256142416339806e-01,1.000000000000000000e+00
-2.457625044775800516e-02,-4.746144157186076296e-01,0.000000000000000000e+00
4.261419561204438655e-01,1.822008820297722209e-01,0.000000000000000000e+00
1.411956462350303587e+00,7.710542877054965549e-01,0.000000000000000000e+00
4.946241547725983012e-01,9.379476716654830959e-01,1.000000000000000000e+00
7.984366058905000285e-01,-5.151991334515565457e-01,1.000000000000000000e+00
-4.767970961903967853e-01,9.812256371758927287e-01,1.000000000000000000e+00
-3.711690354119566160e-01,7.266959972206542551e-01,1.000000000000000000e+00
-4.288144491019023063e-01,-3.178708780092884267e-01,0.000000000000000000e+00
-3.597694095534167413e-01,1.316619895821811159e+00,1.000000000000000000e+00
8.439634486110328959e-01,5.639566655377139526e-01,0.000000000000000000e+00
6.046830180591787895e-01,3.156628957729592511e-01,1.000000000000000000e+00
-5.079937715670577170e-01,-5.222771613976337490e-02,0.000000000000000000e+00
5.550893194494732619e-01,9.813356216194450976e-01,1.000000000000000000e+00
-2.047554477079360780e-01,-4.749044190476341409e-01,0.000000000000000000e+00
1.671683650434044321e-01,1.507965509788755654e+00,1.000000000000000000e+00
-3.015875501126567548e-01,6.299878958985853927e-01,1.000000000000000000e+00
-2.224260745891478985e-01,1.411930243215540948e+00,1.000000000000000000e+00
-4.335324576567629040e-01,-2.808042652204694734e-01,0.000000000000000000e+00
-2.637032536915846492e-01,1.371909853303181048e+00,1.000000000000000000e+00
-4.788339286010675488e-01,1.089011711072108035e+00,1.000000000000000000e+00
1.116362760814867405e+00,1.425924735567213997e+00,0.000000000000000000e+00
4.223205477533222701e-02,1.465316286470950802e+00,1.000000000000000000e+00
6.724526000515831381e-01,1.394233866951707368e+00,0.000000000000000000e+00
4.741479391409946786e-01,1.164170898235428409e+00,1.000000000000000000e+00
3.496385494380092052e-01,7.579987449209707462e-01,1.000000000000000000e+00
3.365494591545076242e-01,6.910753407081567934e-01,1.000000000000000000e+00
4.624599537120015480e-01,1.176527998555905397e+00,0.000000000000000000e+00
7.551625256429163324e-02,4.446056386847553332e-01,1.000000000000000000e+00
-5.690183179452226181e-01,-1.326416237561931222e-01,0.000000000000000000e+00
1.212239725694793213e+00,-4.186145373542369263e-01,1.000000000000000000e+00
-3.949213918872931939e-01,8.289265270180324885e-01,1.000000000000000000e+00
8.586415169364216560e-01,4.758193054919805931e-01,0.000000000000000000e+00
8.965654409826379068e-02,1.553812233067519699e+00,1.000000000000000000e+00
-1.675576933670595570e-01,-4.593421401322371200e-01,0.000000000000000000e+00
-2.054948263383562512e-01,4.983095363318135185e-01,1.000000000000000000e+00
5.700531518040159451e-01,1.500758330386573469e-01,0.000000000000000000e+00
3.022274579770379277e-01,1.340693755840996815e+00,1.000000000000000000e+00
2.080766473915667825e-01,1.344697549398414349e+00,1.000000000000000000e+00
1.205901112942574294e+00,-4.884467553070981349e-01,1.000000000000000000e+00
3.202551724793776811e-01,-4.173780475683190883e-01,0.000000000000000000e+00
-4.980694137815853684e-01,1.163788135096254450e+00,1.000000000000000000e+00
-2.701181037269504426e-01,1.529876649351135987e+00,1.000000000000000000e+00
1.507701680788491760e+00,1.525977879312648555e-01,1.000000000000000000e+00
3.818101350542827954e-01,-3.411112504666144463e-01,0.000000000000000000e+00
1.547443327252526479e-01,-4.220613860248369487e-01,0.000000000000000000e+00
-1.733837226010271348e-01,4.390109313896952137e-01,0.000000000000000000e+00
2.035470276843840687e-01,5.260835175430381705e-01,1.000000000000000000e+00
2.146489038599380117e-01,-5.252861212370952826e-01,0.000000000000000000e+00
-2.076086313535073502e-01,-4.714288131428663875e-01,0.000000000000000000e+00
-2.924834193406267713e-01,-3.231058308663544154e-01,0.000000000000000000e+00
3.766289162441283089e-01,7.943878708595143445e-01,1.000000000000000000e+00
-3.999497289230528052e-01,9.419428728444207977e-01,1.000000000000000000e+00
-8.443570185465448796e-02,1.490907285937206339e+00,1.000000000000000000e+00
2.580038101473089429e-01,3.729871110577756554e-01,0.000000000000000000e+00
-1.305650019435011244e-01,4.659137282701479865e-01,0.000000000000000000e+00
5.641072300598453104e-01,9.438281426317798317e-01,1.000000000000000000e+00
-4.315109327062633185e-03,4.666215135318378948e-01,1.000000000000000000e+00
1.042478434564464873e+00,5.557747088695574877e-01,0.000000000000000000e+00
-4.059501277025865384e-01,1.445669025298754462e-01,0.000000000000000000e+00
5.258403238283479997e-01,2.557666853589295186e-02,0.000000000000000000e+00
-8.185248602323377809e-03,4.212191649350756073e-01,1.000000000000000000e+00
-4.530941744508318325e-01,1.279996888393061458e-02,0.000000000000000000e+00
4.981959139843082918e-01,-1.721200387297856967e-03,0.000000000000000000e+00
4.374507398781903866e-01,-1.323790905660747995e-02,0.000000000000000000e+00
-5.561246421037977505e-01,8.472838215188822630e-01,1.000000000000000000e+00
6.106466197874019924e-02,6.036853730815108232e-01,1.000000000000000000e+00
-3.847415226080925232e-01,8.807197620820754747e-01,1.000000000000000000e+00
3.208840419526838295e-01,2.769142262109777208e-01,0.000000000000000000e+00
1.208709419761494042e+00,4.746332010884660169e-01,1.000000000000000000e+00
4.831771195450882406e-01,3.043536486633441340e-01,1.000000000000000000e+00
1.109076990729958023e+00,4.346731681452106200e-01,0.000000000000000000e+00
-3.827299371663283045e-01,3.280773877851733134e-01,0.000000000000000000e+00
-4.225318445954462376e-01,1.166463398330391588e+00,1.000000000000000000e+00
3.505395479760408106e-01,7.505816790092723068e-01,1.000000000000000000e+00
-3.973189989591545124e-01,1.194237353824035619e+00,1.000000000000000000e+00
1.427770558901407139e+00,2.668545579259249401e-01,1.000000000000000000e+00
-4.519192251230774726e-01,1.819343478998880215e-01,0.000000000000000000e+00
-1.249094314164592295e-01,4.296212982727793950e-01,0.000000000000000000e+00
5.555538508108862628e-01,1.213108999773792052e+00,1.000000000000000000e+00
8.581509950878760118e-02,4.376016928312633225e-01,0.000000000000000000e+00
4.283242844430014684e-01,9.413012993224523228e-01,1.000000000000000000e+00
-3.666790761037151403e-01,1.967195088521286050e-01,0.000000000000000000e+00
-3.857909498623868783e-01,1.235082688725199107e+00,1.000000000000000000e+00
1.717613848655913655e-01,-3.712563761087724346e-01,0.000000000000000000e+00
1.558704045844614694e-01,5.587663101826008116e-01,1.000000000000000000e+00
4.164845263579498164e-02,-4.427789674745237214e-01,0.000000000000000000e+00
7.951642684052377952e-01,-4.110063165621162806e-01,1.000000000000000000e+00
-5.110975313084019644e-01,-2.721661772627708142e-01,0.000000000000000000e+00
1.874682952608348052e-01,5.702423927666580017e-01,1.000000000000000000e+00
1.350227645844521041e+00,4.373513667990137077e-01,1.000000000000000000e+00
5.394425263059605680e-01,7.787209342409751045e-01,1.000000000000000000e+00
1.707528132384190656e-01,1.469062688877617262e+00,1.000000000000000000e+00
4.166787558196277663e-01,1.132485856955281145e+00,0.000000000000000000e+00
-4.787251823816709995e-01,1.109711581158359384e-01,0.000000000000000000e+00
3.761583158776873881e-01,7.196402979514924247e-01,1.000000000000000000e+00
4.729805024581247297e-01,1.318333756169207394e-01,0.000000000000000000e+00
-3.184066740164066545e-01,4.981687192708460499e-01,0.000000000000000000e+00
-4.966639437777791710e-01,1.060340061557008884e+00,1.000000000000000000e+00
-4.371651713263787764e-01,1.023424250789150669e+00,1.000000000000000000e+00
2.269056999321181212e-02,1.437207968365795452e+00,1.000000000000000000e+00
7.480424730945260947e-01,5.404129774179284862e-01,0.000000000000000000e+00
-1.048380224021405911e-02,1.431930193348655012e+00,1.000000000000000000e+00
3.990438929798481582e-01,7.616991172137967947e-01,1.000000000000000000e+00
5.657497515349535488e-01,1.063212701199313770e+00,1.000000000000000000e+00
-1.312930995965030066e-02,4.878957600362135993e-01,1.000000000000000000e+00
-5.228865927055050822e-01,1.252508341281894921e+00,1.000000000000000000e+00
5.381969063555011035e-01,8.637450194720475150e-01,1.000000000000000000e+00
-4.993942309030081073e-01,1.193950443737190614e+00,1.000000000000000000e+00
-3.354407263414497797e-01,5.510490666302069185e-01,1.000000000000000000e+00
-4.689433982896494268e-01,1.091353735348105314e+00,1.000000000000000000e+00
1.171819672742969998e-01,5.127540919432959088e-01,0.000000000000000000e+00
4.498074228197985747e-01,1.113806670213440153e+00,1.000000000000000000e+00
-6.325442786823226929e-03,5.074807854594499679e-01,1.000000000000000000e+00
4.246646980111402070e-01,1.422051085303331242e+00,1.000000000000000000e+00
4.117095144147058794e-01,1.199574388989594231e+00,1.000000000000000000e+00
8.165625779943544438e-02,1.429653694515848450e+00,1.000000000000000000e+00
5.007978949088476295e-01,9.122394749055211527e-01,1.000000000000000000e+00
-2.255537139703584770e-01,5.311192779531583863e-01,1.000000000000000000e+00
1.300134404060811599e+00,-4.946634793321186274e-01,1.000000000000000000e+00
1.448632884950432076e-01,5.178660639918569730e-01,0.000000000000000000e+00
3.599681753592458011e-01,7.991348849866384274e-01,1.000000000000000000e+00
4.760184496072434324e-01,8.394740468257320121e-01,1.000000000000000000e+00
-1.151447407697679670e-01,4.197830988585095069e-01,1.000000000000000000e+00
1.500173923427417622e+00,1.444271001772972352e-01,1.000000000000000000e+00
1.136131425468163592e+00,4.876539927727242540e-01,1.000000000000000000e+00
4.943422985503204137e-01,2.301148628735167345e-01,0.000000000000000000e+00
3.448104389791175062e-01,-4.859488724626595535e-01,0.000000000000000000e+00
7.449288824628118588e-01,1.524520911152382752e+00,0.000000000000000000e+00
2.556607531308647818e-01,-4.252257410045057195e-01,0.000000000000000000e+00
1.305564410698166977e+00,-3.335987291191114257e-01,1.000000000000000000e+00
-4.594682110877549297e-01,6.630234931660683451e-01,1.000000000000000000e+00
4.468584946799659119e-01,1.112526838710893529e+00,1.000000000000000000e+00
3.410044288323386685e-01,1.282852766359090735e+00,1.000000000000000000e+00
-2.822857652440838305e-01,3.207253464235642060e-01,0.000000000000000000e+00
-4.788588015557507238e-01,1.211448936574313517e+00,1.000000000000000000e+00
1.267227695490447337e+00,1.359948339945716844e+00,0.000000000000000000e+00
-5.402904240576139605e-01,1.437537263962978817e-01,0.000000000000000000e+00
-2.857177140148717265e-02,1.539410174443776258e+00,1.000000000000000000e+00
-4.314972611944427050e-01,1.123640167778404031e+00,1.000000000000000000e+00
1.003863858033838374e+00,5.275230430168009743e-01,0.000000000000000000e+00
1.043213021933266926e+00,4.459419313012565889e-01,0.000000000000000000e+00
4.319307489240422626e-01,-4.372372623804889058e-02,0.000000000000000000e+00
-2.223286856625477370e-01,5.142372095191506398e-01,0.000000000000000000e+00
-2.205096567721844814e-01,4.095309652097884334e-01,0.000000000000000000e+00
1.054192971128460110e+00,5.601968740661160684e-01,1.000000000000000000e+00
-2.784033943774061881e-01,3.467508324775408490e-01,0.000000000000000000e+00
2.032345752687247098e-01,-5.098788852071893807e-01,0.000000000000000000e+00
1.012489343616448823e+00,5.679490587499579357e-01,0.000000000000000000e+00
-1.377015624646200365e-01,-5.073277120606830559e-01,0.000000000000000000e+00
3.774031594725494321e-01,-3.901243482504377913e-01,0.000000000000000000e+00
-4.126648586457980494e-01,1.670236172493348437e-01,0.000000000000000000e+00
-9.402362040509880392e-02,5.510579095726443333e-01,0.000000000000000000e+00
5.040118696626236794e-01,-3.209504065746516810e-01,0.000000000000000000e+00
-2.944633536111717839e-02,4.008981938231352404e-01,0.000000000000000000e+00
-2.237654964938592672e-01,4.095750961605560958e-01,0.000000000000000000e+00
-5.171102543202719115e-01,8.813230752932297296e-01,1.000000000000000000e+00
-3.407436840189451699e-01,-3.079441271805477554e-01,0.000000000000000000e+00
1.829732771939765468e-01,1.559538383197955680e+00,1.000000000000000000e+00
-3.327640935451016690e-01,3.145806356105390611e-01,0.000000000000000000e+00
-8.504097318035690189e-02,1.546187402058653682e+00,1.000000000000000000e+00
1.557124458946301249e-01,5.814596246314410743e-01,1.000000000000000000e+00
1.176088190871271255e+00,1.366203906075534880e+00,0.000000000000000000e+00
-2.890196254381481866e-01,1.354309159370484572e+00,1.000000000000000000e+00
1.106275061899245182e+00,1.457828640402175191e+00,0.000000000000000000e+00
5.728949965461901384e-01,8.194327298487474875e-01,0.000000000000000000e+00
-4.275434083336264734e-01,3.260769116147329422e-02,0.000000000000000000e+00
-1.162508730553100805e-01,-4.133129889332108342e-01,0.000000000000000000e+00
4.005227686302216816e-01,9.463972683594814583e-01,1.000000000000000000e+00
-2.765502190932973559e-01,6.091212546064056488e-01,1.000000000000000000e+00
-4.878417710152022080e-02,5.604449161517139899e-01,0.000000000000000000e+00
1.478210136565942523e-01,5.251807606074891943e-01,1.000000000000000000e+00
2.181104339113684176e-01,3.825060208734784584e-01,0.000000000000000000e+00
-3.504505543168959791e-01,5.989348435860812891e-01,1.000000000000000000e+00
-4.635200124435548408e-01,-2.012836066705201432e-01,0.000000000000000000e+00
1.405427868765325439e+00,-1.442152621256732048e-01,1.000000000000000000e+00
-9.695366676337642542e-02,1.396248496810519768e+00,1.000000000000000000e+00
5.213992643081104550e-01,6.712283267637101369e-01,0.000000000000000000e+00
8.033985532353701831e-02,1.508835662570580327e+00,1.000000000000000000e+00
1.373540007264374974e-01,4.454950086969481360e-01,1.000000000000000000e+00
3.900635713167887597e-01,2.569976493524966377e-01,0.000000000000000000e+00
-2.597690325159227598e-01,6.478443269171505481e-01,1.000000000000000000e+00
1.379420644176038602e+00,1.187210616161225252e+00,0.000000000000000000e+00
-5.879198867890866875e-02,1.507631934554009234e+00,1.000000000000000000e+00
-4.029268009081252155e-01,6.617954605855869143e-01,1.000000000000000000e+00
1.303930969578954990e-01,4.818378414549614464e-01,0.000000000000000000e+00
1.468942456561424859e+00,1.037660319225426120e+00,0.000000000000000000e+00
9.707920021408330546e-01,5.686886317890880171e-01,0.000000000000000000e+00
-1.811874614069135941e-02,5.945132934861909746e-01,1.000000000000000000e+00
-4.357381426127346913e-01,-1.435677218421488321e-01,0.000000000000000000e+00
-3.960372783742566738e-01,8.290564206406976222e-01,1.000000000000000000e+00
-4.055230057860580439e-01,2.179815742595184458e-01,0.000000000000000000e+00
-1.511526880604636969e-01,5.735056805175006156e-01,0.000000000000000000e+00
3.513201068165664465e-01,5.677843157574452571e-01,1.000000000000000000e+00
4.606542116830119604e-01,8.919136649236958370e-01,1.000000000000000000e+00
4.793898189946700361e-01,3.796852121977685457e-02,0.000000000000000000e+00
1.805565132524696581e-01,1.420092064233152263e+00,1.000000000000000000e+00
-4.597268518423174299e-01,1.247422614156443732e+00,1.000000000000000000e+00
-4.104451856065964854e-01,6.959821487416364416e-01,1.000000000000000000e+00
4.198977604751704118e-01,7.244873200515538070e-01,1.000000000000000000e+00
6.293171146435473373e-01,1.419866707135919670e+00,0.000000000000000000e+00
4.037815957849709703e-01,-1.597543804328665495e-01,0.000000000000000000e+00
1.213196448851406650e+00,-4.007821066285764400e-01,1.000000000000000000e+00
3.399666544835968640e-01,4.834847556586116535e-01,0.000000000000000000e+00
-3.148343894218921801e-02,-5.253031711609756904e-01,0.000000000000000000e+00
4.605324374009250876e-01,8.240662717468374421e-01,1.000000000000000000e+00
1.347257323124003037e+00,1.217662020072906026e+00,0.000000000000000000e+00
-2.673365878171050924e-02,1.404802577507585415e+00,1.000000000000000000e+00
-4.636042043329803852e-01,-1.540542635653780468e-01,0.000000000000000000e+00
-4.239010206747395038e-01,1.335903248593176329e+00,1.000000000000000000e+00
-1.192045193263883140e-01,-4.079980746669129021e-01,0.000000000000000000e+00
4.750713588104654717e-01,2.041486520932972726e-01,1.000000000000000000e+00
4.994333484060845540e-01,1.289606663597141489e+00,0.000000000000000000e+00
1.226788946281725246e-01,4.786043537480819676e-01,1.000000000000000000e+00
5.766830638269876408e-01,9.062406566864511515e-01,1.000000000000000000e+00
-5.095897223964253042e-01,-2.266860256491703418e-01,0.000000000000000000e+00
-4.896788362885293178e-01,7.843535192354068597e-01,1.000000000000000000e+00
3.438346098917496318e-01,3.741640076244775459e-01,0.000000000000000000e+00
2.366596255185099140e-01,4.815258777911825550e-01,0.000000000000000000e+00
2.734264110745949217e-01,1.396384040740294985e+00,1.000000000000000000e+00
4.273999200254957609e-01,4.557913471443748865e-03,0.000000000000000000e+00
1.098275172078128081e-02,4.791634483545540446e-01,0.000000000000000000e+00
-5.381520685428057282e-01,7.954311251758519052e-01,1.000000000000000000e+00
3.232816054962233676e-01,-4.161060113446548026e-01,0.000000000000000000e+00
-2.606687702820740735e-03,1.452300050965428468e+00,1.000000000000000000e+00
4.964924767195449951e-01,2.540355019975356621e-01,0.000000000000000000e+00
1.994680263575927259e-01,3.627529902904835235e-01,0.000000000000000000e+00
-1.642941036832456791e-01,-4.789735819742265144e-01,0.000000000000000000e+00
4.847551604979062900e-01,-1.800365788924842836e-01,0.000000000000000000e+00
-2.461349906507021845e-01,1.501081722715824629e+00,1.000000000000000000e+00
1.442335030488169911e+00,1.023403378915146655e+00,0.000000000000000000e+00
-4.259489112350316881e-02,4.792608024827312851e-01,1.000000000000000000e+00
1.102418046699743970e+00,1.527928280063854949e+00,0.000000000000000000e+00
1.758377470510260054e-01,5.232475525635597036e-01,1.000000000000000000e+00
1.281978553577154401e+00,1.292484646439927776e+00,0.000000000000000000e+00
-3.611402211788555250e-01,5.241528663614964945e-01,1.000000000000000000e+00
-4.768190047137012555e-01,-3.044534442993134804e-01,0.000000000000000000e+00
-3.468607118656942823e-01,1.461137440415609889e+00,1.000000000000000000e+00
4.555870245723919743e-01,4.873390490514208084e-02,1.000000000000000000e+00
-3.209830777695789616e-01,7.419083127858459026e-01,1.000000000000000000e+00
1.828419318732533300e-02,1.565465789408858832e+00,1.000000000000000000e+00
-4.191040299976354078e-01,-6.849016389942985672e-02,0.000000000000000000e+00
6.731796110337094907e-01,4.673427416268879919e-01,1.000000000000000000e+00
1.331646253450328388e+00,3.546699315054404056e-01,1.000000000000000000e+00
-4.700655175470765945e-01,7.821305829100210216e-01,1.000000000000000000e+00
2.488343502218939296e-01,6.078454590742154995e-01,1.000000000000000000e+00
1.066178898472184694e-01,1.473597755137532550e+00,1.000000000000000000e+00
4.795087883336300871e-01,-2.666898611909533923e-01,0.000000000000000000e+00
-5.503011731395749395e-01,8.122480764871149450e-01,1.000000000000000000e+00
-1.570392264851939741e-03,-5.347424267776724749e-01,0.000000000000000000e+00
2.568704374715474192e-01,1.356228699465171550e+00,1.000000000000000000e+00
5.047997012163628616e-01,1.780791977548397131e-01,0.000000000000000000e+00
5.425480510382336696e-01,-1.980871475574535467e-01,0.000000000000000000e+00
1.786971023133869241e-01,1.440946008882783014e+00,1.000000000000000000e+00
-3.002611712339953165e-01,1.504730756632554289e+00,1.000000000000000000e+00
-5.692253363349779605e-01,6.965201574365197101e-02,0.000000000000000000e+00
-5.783879238283737845e-01,9.368199789511220954e-02,0.000000000000000000e+00
3.322144447942851353e-01,2.423694611768799079e-01,0.000000000000000000e+00
1.345956842355863214e-01,-4.862825295285468363e-01,0.000000000000000000e+00
1.083326595322215535e+00,-4.993129061647943456e-01,1.000000000000000000e+00
9.049445468268718651e-01,4.366898887192282586e-01,1.000000000000000000e+00
-4.455534477216588907e-01,1.220666764251998826e+00,1.000000000000000000e+00
-4.043888189105356856e-01,4.100136520780702787e-01,0.000000000000000000e+00
2.626858557787070669e-01,-4.941263206291954257e-01,0.000000000000000000e+00
1.570448665796750465e+00,9.984262134314632053e-01,0.000000000000000000e+00
1.215164312129368290e-01,1.395102205962662101e+00,1.000000000000000000e+00
-1.971993085262375434e-01,-3.865195144500786495e-01,0.000000000000000000e+00
4.438157005045237358e-01,7.352430334246995436e-01,1.000000000000000000e+00
3.939473733856203586e-01,-2.319337692564266418e-01,0.000000000000000000e+00
-4.478965858082227247e-01,1.171496039002255518e+00,1.000000000000000000e+00
5.263490454310529865e-01,1.146872455101342725e+00,1.000000000000000000e+00
-2.101213027046660575e-01,-5.354848108473510004e-01,0.000000000000000000e+00
3.626376672475862262e-01,2.856626088054312063e-01,0.000000000000000000e+00
3.820582690176865803e-01,1.452431085623611562e+00,1.000000000000000000e+00
-4.982518714787637082e-01,-3.180141708002089396e-01,0.000000000000000000e+00
4.528760520266263412e-01,9.968148274502529604e-01,1.000000000000000000e+00
1.462628232295291042e+00,1.204075850995158126e+00,0.000000000000000000e+00
3.547606458401528218e-01,5.972917081161615016e-01,1.000000000000000000e+00
2.284263053792252585e-01,4.222023604745311909e-01,0.000000000000000000e+00
8.573827898846237971e-01,4.135800769534213606e-01,1.000000000000000000e+00
-1.396697103318294067e-02,-4.572014007007533798e-01,0.000000000000000000e+00
-1.226527645941200700e-01,1.473151146511757936e+00,1.000000000000000000e+00
1.421768007884125939e+00,9.653121184555445433e-01,0.000000000000000000e+00
1.292208138163874753e-01,1.434389599553793637e+00,1.000000000000000000e+00
3.198802409647030220e-01,5.179152013678520738e-01,1.000000000000000000e+00
-3.880071518721391888e-01,1.337467411659926109e+00,1.000000000000000000e+00
-5.264412893555322492e-01,-1.981505319815791422e-01,0.000000000000000000e+00
-3.386841360707136817e-01,2.311938353383595768e-01,0.000000000000000000e+00
-5.628163014875342540e-01,1.703822236425253309e-02,0.000000000000000000e+00
-4.002245896475974396e-01,3.746582915309015216e-01,0.000000000000000000e+00
1.447775736412011183e+00,2.583148268334499176e-01,1.000000000000000000e+00
3.993216840632781706e-01,3.440509155613290238e-02,0.000000000000000000e+00
5.558548725663702700e-02,-5.720550342412250577e-01,0.000000000000000000e+00
5.819342691119490096e-01,6.561155166307638953e-02,0.000000000000000000e+00
-4.633901772237863370e-01,1.323222573418853187e+00,1.000000000000000000e+00
9.475614899385740308e-01,5.423468967800660900e-01,0.000000000000000000e+00
-5.734924415034486911e-01,1.153407078007774533e+00,1.000000000000000000e+00
-4.288019983710731897e-01,-1.818462537951543931e-02,0.000000000000000000e+00
-3.898173868796141472e-01,6.197390611688018414e-01,1.000000000000000000e+00
1.771571799646914358e-01,1.379782991338402987e+00,1.000000000000000000e+00
4.160342681753138594e-01,2.208723956231930519e-01,0.000000000000000000e+00
3.902013176270857087e-01,1.410475486007668200e-01,0.000000000000000000e+00
3.539746201428795036e-01,2.032307651943364157e-01,0.000000000000000000e+00
8.101240811130634434e-01,4.859279974986782658e-01,1.000000000000000000e+00
5.885239096540834797e-02,-4.087123007529189223e-01,0.000000000000000000e+00
-6.097223058922850852e-02,4.583670211344015311e-01,1.000000000000000000e+00
-4.106384729533772981e-01,1.158063023018461424e+00,1.000000000000000000e+00
1.182978366840935908e-01,1.383863743961429194e+00,1.000000000000000000e+00
3.280647557898358491e-01,3.054211757534176508e-01,0.000000000000000000e+00
3.009484165037681347e-01,5.801830910841410116e-01,1.000000000000000000e+00
4.507034054786264177e-01,2.774023772744310112e-01,0.000000000000000000e+00
-2.906798979835767752e-02,4.466656094835597668e-01,0.000000000000000000e+00
-2.400982325746029399e-03,4.750979900140563927e-01,0.000000000000000000e+00
4.270810039587016882e-01,1.296307678894665694e+00,1.000000000000000000e+00
-5.301551047579341480e-01,1.548782612966534133e-01,0.000000000000000000e+00
-4.104670004719361831e-01,1.051894559149524344e+00,1.000000000000000000e+00
1.638073157856801410e-01,-4.058535626627511328e-01,0.000000000000000000e+00
7.342031647984205087e-03,1.513691326739230902e+00,1.000000000000000000e+00
-8.569390191225308151e-02,4.897541481284577447e-01,1.000000000000000000e+00
4.063100976568591594e-01,9.139724550733130393e-01,1.000000000000000000e+00
-2.629327212593974838e-01,-3.376663013442343098e-01,0.000000000000000000e+00
5.951977240553917303e-01,1.036458246436603003e+00,1.000000000000000000e+00
5.059501237011960750e-01,-7.880455058457903894e-02,1.000000000000000000e+00
7.683910219166356637e-02,-5.540776732590911857e-01,0.000000000000000000e+00
-4.176368543689077395e-01,2.158923694604133678e-02,0.000000000000000000e+00
4.826379683500624587e-03,4.251481382663142572e-01,0.000000000000000000e+00
-3.741887245119182581e-01,6.197136849548846582e-01,1.000000000000000000e+00
-1.452546161354573984e-01,-5.004688107778927364e-01,0.000000000000000000e+00
2.580783402365800505e-01,1.452261498713983245e+00,1.000000000000000000e+00
-4.548023337085833062e-01,-1.465574375031071519e-01,0.000000000000000000e+00
2.749840048857480901e-01,1.367535174242338059e+00,1.000000000000000000e+00
4.599924932542324707e-01,1.031932831922758531e+00,1.000000000000000000e+00
-4.423050151218336778e-01,1.324790266006762529e+00,1.000000000000000000e+00
5.374799632278099981e-01,2.210473402752462235e-01,0.000000000000000000e+00
9.147578917317631397e-01,-4.660890128528087373e-01,1.000000000000000000e+00
-1.368670830743907718e-01,1.568188471717132382e+00,1.000000000000000000e+00
3.926502884970526353e-01,1.723742875881021930e-01,0.000000000000000000e+00
5.253547248514234269e-01,1.051487231202467232e+00,1.000000000000000000e+00
-3.541960995097240827e-01,7.568134739108162146e-01,1.000000000000000000e+00
-2.440249420637959354e-01,3.333517176975298035e-01,0.000000000000000000e+00
-3.821695879513183902e-01,1.124115024634176896e+00,1.000000000000000000e+00
-4.035769961430444863e-01,-4.328481839552126287e-01,0.000000000000000000e+00
1.412359986692890423e+00,5.176288110089726641e-02,1.000000000000000000e+00
2.487596051038881984e-01,6.510074162949608390e-01,1.000000000000000000e+00
1.232801875983766532e-01,5.352411344217415934e-01,1.000000000000000000e+00
5.375075056379925442e-01,-4.331638374194120983e-02,0.000000000000000000e+00
7.762132708093189004e-02,5.490593708413611385e-01,1.000000000000000000e+00
-3.884744242632124367e-01,8.674260482667959238e-01,1.000000000000000000e+00
-4.245187676237056618e-01,6.330729476404808320e-01,1.000000000000000000e+00
2.967221919167973843e-01,-3.396307900415490577e-01,0.000000000000000000e+00
1.229935497186286919e-01,5.473454831282900113e-01,1.000000000000000000e+00
2.582259153028905185e-01,5.416397506114580818e-01,1.000000000000000000e+00
5.331116449785699984e-01,1.313185365179756703e+00,0.000000000000000000e+00
7.064957937718460146e-01,-3.694502258534246852e-01,1.000000000000000000e+00
-8.498962383562871231e-03,4.638112539444005922e-01,1.000000000000000000e+00
1.318472916413836682e+00,6.778061055417082814e-01,0.000000000000000000e+00
-5.309012194545142949e-01,1.115447965611543191e-01,0.000000000000000000e+00
-6.169579309238281545e-02,1.396801549386498253e+00,1.000000000000000000e+00
1.520056092520570001e-01,4.711465525990140568e-01,1.000000000000000000e+00
-6.020349592583421755e-02,5.612584167242746780e-01,1.000000000000000000e+00
5.602262486057758561e-01,1.013643970154753493e+00,1.000000000000000000e+00
-4.210565794791670813e-01,7.522157485091578444e-01,1.000000000000000000e+00
1.607195172183893128e-01,1.508487789666622003e+00,1.000000000000000000e+00
4.289213852005718808e-01,-1.396356383527937450e-01,0.000000000000000000e+00
2.284689088708110327e-01,4.956688284196433814e-01,0.000000000000000000e+00
-2.779336413550299034e-01,3.750578542420551220e-01,0.000000000000000000e+00
-5.683499987606295267e-01,8.885158173027605244e-01,1.000000000000000000e+00
1.151015509821115224e+00,4.369743397950839880e-01,1.000000000000000000e+00
2.538901830979391483e-01,6.219974802395592528e-01,1.000000000000000000e+00
-3.694958639905312481e-01,8.113886406390465877e-01,1.000000000000000000e+00
5.334959246947628131e-01,1.107987932661613328e+00,1.000000000000000000e+00
1.316343947064632314e+00,4.044453309118122841e-01,1.000000000000000000e+00
1.451559470659442130e+00,8.400397678025237624e-01,0.000000000000000000e+00
3.696089061843459839e-02,5.442200850808672774e-01,0.000000000000000000e+00
-1.922730720523109157e-02,-5.271152122421831621e-01,0.000000000000000000e+00
-4.107844594493078039e-01,6.529387238872350618e-01,1.000000000000000000e+00
3.761269339359207264e-01,7.106363813757862191e-01,1.000000000000000000e+00
-4.533368709091376569e-01,-5.880064648001999406e-02,0.000000000000000000e+00
4.431966959096075853e-01,-7.514488799028941097e-05,0.000000000000000000e+00
4.552684906715446234e-01,7.163311123899738023e-03,0.000000000000000000e+00
4.036241824837236841e-02,-5.985961877446006607e-01,0.000000000000000000e+00
5.895830377969325520e-01,5.665325974902530454e-02,0.000000000000000000e+00
-3.553182278193611210e-01,-1.894287416914564315e-01,0.000000000000000000e+00
1.504279908982670277e-01,5.562457078460903981e-01,0.000000000000000000e+00
6.761723126397798378e-01,1.265103309809423093e+00,0.000000000000000000e+00
4.202500992667023705e-01,1.114326488635181356e+00,1.000000000000000000e+00
-4.153198352601618071e-01,2.303700815782743216e-01,0.000000000000000000e+00
1.541554971973891630e-01,-5.696885456103817358e-01,0.000000000000000000e+00
-1.040804167672809838e-01,5.563177726611197027e-01,1.000000000000000000e+00
3.760775167374597605e-01,1.319669309952010705e+00,1.000000000000000000e+00
5.853580499303026041e-01,2.680450771662560780e-02,1.000000000000000000e+00
-3.613974500435013781e-01,1.216147525510850258e+00,1.000000000000000000e+00
-3.545602130322234036e-01,3.904074922836848205e-01,0.000000000000000000e+00
-3.074492071249388392e-01,6.896496890763237353e-01,1.000000000000000000e+00
3.649327914054976696e-01,4.142198557036529394e-01,0.000000000000000000e+00
-2.595883628128846099e-01,5.237551494298354759e-01,1.000000000000000000e+00
1.399118961447620046e+00,-6.991496287465136239e-02,1.000000000000000000e+00
-4.655661825910469842e-01,-1.046274687234309553e-01,0.000000000000000000e+00
-4.443689672288107517e-01,9.041139898175196699e-01,1.000000000000000000e+00
4.160935810407042079e-01,-1.329421795662400485e-01,0.000000000000000000e+00
3.921043944076213483e-01,1.279715391283867909e+00,1.000000000000000000e+00
2.031859187075816253e-01,6.095335535597001808e-01,1.000000000000000000e+00
3.574307670040103857e-01,5.967912352949136245e-01,1.000000000000000000e+00
5.242082448968400643e-02,-4.059077233226309755e-01,0.000000000000000000e+00
3.582104531782078771e-01,-3.610012549380146596e-01,0.000000000000000000e+00
-4.341227540670891116e-01,4.014093267843914514e-01,0.000000000000000000e+00
5.463348650325014488e-02,-5.936876001102696643e-01,0.000000000000000000e+00
3.796445868687923220e-01,1.693815257385843931e-01,0.000000000000000000e+00
4.007704076192557530e-01,3.882129087208340268e-01,0.000000000000000000e+00
1.337381743253195143e+00,7.633767864905146583e-01,0.000000000000000000e+00
-1.087025332428641217e-01,5.320833966540789994e-01,1.000000000000000000e+00
-2.588268018524398362e-01,6.295438085768150227e-01,1.000000000000000000e+00
4.874539435072359206e-01,7.267596220048339051e-01,1.000000000000000000e+00
-1.664494879974713626e-02,4.671687679193751164e-01,1.000000000000000000e+00
-4.192563289431129325e-01,7.025650906911645732e-01,1.000000000000000000e+00
-5.426919354708056864e-02,4.787786058848217952e-01,0.000000000000000000e+00
-2.704963185244357859e-01,-4.287754783065019226e-01,0.000000000000000000e+00
3.511844626631134836e-01,4.606210561684162541e-01,0.000000000000000000e+00
-4.371969654057331067e-01,-3.384873098499756316e-02,0.000000000000000000e+00
5.504265608161278411e-01,-1.559471842225848282e-01,0.000000000000000000e+00
1.213562488555538277e+00,-3.486598775697127839e-01,1.000000000000000000e+00
7.979281618628656370e-01,4.568206900765102718e-01,0.000000000000000000e+00
-4.059680557284572888e-01,1.119800127654423161e+00,1.000000000000000000e+00
-4.743805118348474181e-01,-1.190186285764376212e-01,0.000000000000000000e+00
7.788897014086688664e-01,-4.991944285312989171e-01,1.000000000000000000e+00
2.742995863208345098e-01,-3.327490661610993383e-01,0.000000000000000000e+00
1.716596899952830269e-01,1.566907282153209513e+00,1.000000000000000000e+00
8.361674944943792154e-01,1.421381052592970651e+00,0.000000000000000000e+00
-9.407816499904110563e-02,-4.513959604097801948e-01,0.000000000000000000e+00
1.552705951284728547e-01,-4.881756139766361136e-01,0.000000000000000000e+00
-1.312963367170368878e-01,1.400602458708697595e+00,1.000000000000000000e+00
-1.659946081614631919e-01,4.334503828694818983e-01,1.000000000000000000e+00
5.349098965991307963e-01,1.087752482872465176e+00,1.000000000000000000e+00
-5.140154101161885647e-01,2.015729875394514370e-01,0.000000000000000000e+00
-4.616257550637954399e-01,1.208122672063868475e+00,1.000000000000000000e+00
-2.038843381066745009e-01,1.561357604623508255e+00,1.000000000000000000e+00
3.190968117972092788e-01,1.268512508048833753e+00,1.000000000000000000e+00
5.749108473658564034e-01,1.026658095182661157e+00,1.000000000000000000e+00
-8.232733785545130745e-02,5.275385576245799069e-01,0.000000000000000000e+00
-4.314949258090182704e-01,-2.815774309509146978e-01,0.000000000000000000e+00
5.557976081676836433e-01,9.040994344241839453e-01,1.000000000000000000e+00
1.881286355110763919e-01,5.679272953608278662e-01,1.000000000000000000e+00
-2.940681324385896467e-01,5.019934404774204495e-01,0.000000000000000000e+00
3.787232757709626529e-01,6.728035033864270265e-01,1.000000000000000000e+00
-2.975893921882377113e-01,7.006137605871440854e-01,1.000000000000000000e+00
-3.650134490071004212e-01,6.801221651068125595e-01,1.000000000000000000e+00
8.172744912310526688e-01,5.818886891857349974e-01,0.000000000000000000e+00
-3.251641407698578345e-01,-4.620691318442007312e-01,0.000000000000000000e+00
-5.087117150226987128e-02,1.534411269724113680e+00,1.000000000000000000e+00
5.378705838902513303e-01,-9.342673300752152299e-02,1.000000000000000000e+00
2.189669276180687130e-01,1.403936226753068617e+00,1.000000000000000000e+00
-4.483199981655654476e-01,1.910982227608736539e-01,0.000000000000000000e+00
-4.768661354098654992e-02,-5.230926503206971834e-01,0.000000000000000000e+00
4.295025190694286565e-01,-3.242631000154359011e-01,0.000000000000000000e+00
2.480122811979144637e-01,5.158401085632725591e-01,0.000000000000000000e+00
-1.640088807395777004e-01,-3.784567746874665795e-01,0.000000000000000000e+00
5.207913443200685721e-01,-9.729436024613477563e-02,0.000000000000000000e+00
-2.764050515617184067e-01,-4.879515431278603765e-01,0.000000000000000000e+00
-4.618011111070022823e-01,1.176929452908372919e+00,1.000000000000000000e+00
3.578213870583779044e-01,3.720750723454638309e-01,0.000000000000000000e+00
-2.871880849107076306e-01,-4.363753680221426068e-01,0.000000000000000000e+00
1.426772846903740129e-02,-5.870351384017562513e-01,0.000000000000000000e+00
1.972851747543716006e-01,6.083145318810252444e-01,1.000000000000000000e+00
-4.024645346106127120e-01,4.746972859756008745e-02,0.000000000000000000e+00
4.877175874822868296e-01,1.103063360186928410e+00,1.000000000000000000e+00
-5.181725155238646741e-01,8.045925457059166508e-01,1.000000000000000000e+00
-4.442836626501897035e-01,1.214017124495071709e+00,1.000000000000000000e+00
-2.026361840716726370e-01,-4.623435646538909816e-01,0.000000000000000000e+00
8.671913068315578732e-01,4.779538708471625097e-01,1.000000000000000000e+00
-1.587737276537560735e-02,1.468926736812560918e+00,1.000000000000000000e+00
2.756347953539962647e-01,4.550355277256796227e-01,0.000000000000000000e+00
4.005466180601139348e-01,7.210259566627532646e-01,1.000000000000000000e+00
3.885423499698127392e-01,8.518025708508275562e-01,1.000000000000000000e+00
-1.380594823727528953e-01,5.604473954463862206e-01,0.000000000000000000e+00
3.772825992040976240e-01,8.658901394077361813e-01,1.000000000000000000e+00
6.617585312948066623e-01,2.948494742764794507e-01,1.000000000000000000e+00
-3.748253918190379008e-01,1.301421642182459149e+00,1.000000000000000000e+00
4.826072946126960250e-01,7.780805600665373356e-02,0.000000000000000000e+00
-3.660927916018311690e-01,4.621249565872451170e-01,0.000000000000000000e+00
5.320883287144071438e-01,1.224711914985893380e+00,1.000000000000000000e+00
3.768443021043654806e-01,1.441586143800572373e+00,1.000000000000000000e+00
2.469978080118492292e-01,5.263331988962840491e-01,1.000000000000000000e+00
-5.047975922113209224e-01,2.773863904964698479e-01,0.000000000000000000e+00
-4.927998933528016101e-01,8.550880401186448931e-02,0.000000000000000000e+00
1.118585019312092477e-01,5.086349982471312092e-01,1.000000000000000000e+00
-5.547242621972020560e-01,5.113559807215019987e-02,0.000000000000000000e+00
7.183238490692379907e-02,4.734784963985352868e-01,0.000000000000000000e+00
-5.220411071906517764e-01,8.871007598401501326e-01,1.000000000000000000e+00
-4.791789623261721309e-01,9.634645969904515050e-01,1.000000000000000000e+00
-3.731240273445186051e-01,3.312574729752756908e-01,0.000000000000000000e+00
1.386834658217038996e+00,7.696208652664892069e-01,0.000000000000000000e+00
-3.977720045198709364e-01,8.520532081979337313e-01,1.000000000000000000e+00
1.081759172633196986e+00,5.144760172742555149e-01,0.000000000000000000e+00
3.813562550368708726e-01,-1.390875164746238901e-01,0.000000000000000000e+00
-5.321221844206485141e-01,9.276534414128803085e-01,1.000000000000000000e+00
-1.490497277280791455e-01,5.107245112080556204e-01,0.000000000000000000e+00
-1.751243971869230198e-01,4.010449109262513856e-01,0.000000000000000000e+00
-1.995197668375172095e-01,5.128607846470456533e-01,0.000000000000000000e+00
4.454055384301612852e-01,3.967097154355040955e-01,0.000000000000000000e+00
-4.977894903706289176e-01,5.127728881990522430e-02,0.000000000000000000e+00
1.819731950764312267e-01,-4.280387946818498546e-01,0.000000000000000000e+00
3.562979151213380158e-02,-4.448704420417670669e-01,0.000000000000000000e+00
-2.940314294306628495e-01,-3.654348732794394095e-01,0.000000000000000000e+00
1.381347382954909664e+00,1.288965394436992762e+00,0.000000000000000000e+00
-1.216389393368173255e-01,4.439048610290795005e-01,0.000000000000000000e+00
3.980207193718890979e-01,3.367352350255601312e-01,0.000000000000000000e+00
1.400356782187889282e+00,-2.580256841201116758e-01,1.000000000000000000e+00
-2.706159413254226598e-01,3.008324219378592512e-01,0.000000000000000000e+00
1.438134020871695284e+00,1.327794455983203337e+00,0.000000000000000000e+00
8.737116729941936111e-01,1.521250326191995850e+00,0.000000000000000000e+00
1.152754377545128495e-01,1.482252968054501796e+00,1.000000000000000000e+00
1.404739263570821961e-01,5.257737399290108860e-01,0.000000000000000000e+00
5.714390557862188968e-01,9.397298655803835166e-01,0.000000000000000000e+00
-5.102088876535525452e-01,7.446007078973558846e-01,1.000000000000000000e+00
-8.321425106231780666e-02,4.789638249411369286e-01,0.000000000000000000e+00
1.042105018721381088e-01,5.619906800381107015e-01,0.000000000000000000e+00
3.793493958532443422e-01,1.393270791004665554e+00,1.000000000000000000e+00
-3.449837805197628060e-01,-3.799842885825215899e-01,0.000000000000000000e+00
5.645264216982763816e-01,-1.785535295556758273e-01,0.000000000000000000e+00
3.469595568945041952e-01,1.399450488580907814e+00,1.000000000000000000e+00
5.928941133234204575e-01,7.727741073137281980e-01,0.000000000000000000e+00
4.340200693630142936e-01,3.786699748655482090e-01,0.000000000000000000e+00
4.373694300304148408e-01,9.533891782937278236e-01,1.000000000000000000e+00
-5.326704110220373822e-01,1.749724892632469053e-01,0.000000000000000000e+00
-7.041891230148379643e-02,4.401751330522445382e-01,1.000000000000000000e+00
-4.755244561963248295e-01,-1.253046269077859043e-01,0.000000000000000000e+00
-4.706925688689718723e-01,-1.266081915999816287e-01,0.000000000000000000e+00
3.745520172758393107e-01,4.422458542155684458e-01,0.000000000000000000e+00
4.511812088154756872e-01,1.779188033350884990e-01,0.000000000000000000e+00
4.697212532621934944e-01,1.163441057145469859e+00,1.000000000000000000e+00
-2.288880895894012391e-01,-5.047188527590861229e-01,0.000000000000000000e+00
1.325052967641736856e+00,4.554674416888664368e-01,1.000000000000000000e+00
1.095714057520091878e+00,1.539816889911716391e+00,0.000000000000000000e+00
1.052530385519461875e+00,-4.944277594484862148e-01,1.000000000000000000e+00
7.274928234862789722e-01,6.545935807711797949e-01,0.000000000000000000e+00
3.927427105387857331e-01,-1.117291131705152041e-01,0.000000000000000000e+00
8.120245926546099113e-01,3.772274594753042831e-01,1.000000000000000000e+00
-4.499122481622299663e-01,1.190047623378135411e+00,1.000000000000000000e+00
-8.270850108588288785e-02,1.442498737647375240e+00,1.000000000000000000e+00
3.697358807373840595e-01,7.932650463840444921e-01,1.000000000000000000e+00
5.682698618770875426e-02,1.418515632144024208e+00,1.000000000000000000e+00
6.359229079288339914e-01,5.261789768133240397e-01,0.000000000000000000e+00
-3.920852435768031746e-02,1.550357466853815591e+00,1.000000000000000000e+00
-4.396412300990797939e-01,9.590291854884372413e-02,0.000000000000000000e+00
-4.079291938540798856e-01,7.409377563744401485e-01,1.000000000000000000e+00
-6.627593959178364191e-02,1.571314797265253027e+00,1.000000000000000000e+00
-4.527370112170271410e-01,3.289461688532488437e-01,0.000000000000000000e+00
-6.989410903460308890e-03,5.526618512993001220e-01,1.000000000000000000e+00
-1.968715763922651851e-01,3.578843857031382969e-01,0.000000000000000000e+00
-1.407850071058109054e-01,3.992911180310144137e-01,0.000000000000000000e+00
-2.468829370191673034e-01,4.047619727043649807e-01,0.000000000000000000e+00
2.978602736429684650e-01,-3.442442007576443919e-01,0.000000000000000000e+00
-3.977832046107754316e-01,-3.382985145293337381e-01,0.000000000000000000e+00
-4.270604189967357467e-01,1.960011458991564592e-01,0.000000000000000000e+00
-3.399953116312919299e-01,3.415907733623684828e-01,0.000000000000000000e+00
4.781188890671729808e-01,1.299210874289970175e+00,1.000000000000000000e+00
-2.372393267354503538e-02,-5.751345942755345941e-01,0.000000000000000000e+00
4.811756595785620649e-01,4.932053837558868919e-02,0.000000000000000000e+00
9.003546611074592088e-01,1.394736033661627905e+00,0.000000000000000000e+00
-2.634462813459282349e-01,1.364997277713045465e+00,1.000000000000000000e+00
-4.719390007452467506e-01,6.868421225246112982e-02,0.000000000000000000e+00
1.828670521802409354e-01,1.511410615532062351e+00,1.000000000000000000e+00
-5.486385686614410062e-01,8.192284736450751170e-01,1.000000000000000000e+00
6.003996452253219651e-01,1.422877112794592280e+00,0.000000000000000000e+00
5.168830041596341740e-01,1.251694901442990560e+00,1.000000000000000000e+00
4.265127362142175360e-01,3.734878201386140906e-02,0.000000000000000000e+00
5.071782570895710940e-01,1.093526304714396574e-01,0.000000000000000000e+00
5.899445660130687719e-01,3.896024160825609789e-02,0.000000000000000000e+00
2.189211260186143537e-01,4.936028913399834739e-01,1.000000000000000000e+00
4.441284622282919425e-01,2.633760181387719279e-01,0.000000000000000000e+00
4.818587182282969561e-01,1.202259946453918316e+00,1.000000000000000000e+00
3.728506364968504072e-01,2.528980169269899880e-01,0.000000000000000000e+00
-1.866784838842975303e-01,4.410451586767094034e-01,0.000000000000000000e+00
1.499813103746990874e-02,-5.278178958024060119e-01,0.000000000000000000e+00
5.920441409098922136e-01,1.236586275501928789e+00,0.000000000000000000e+00
2.936992962267052643e-01,1.286223960889138151e+00,1.000000000000000000e+00
1.161181693736794474e+00,5.618238923887459713e-01,0.000000000000000000e+00
4.031255400462646077e-01,9.440854385539939608e-01,1.000000000000000000e+00
-4.823659958313896157e-01,1.921832779434080873e-01,0.000000000000000000e+00
1.209124049274571178e+00,4.111554654244357065e-01,1.000000000000000000e+00
-5.162180355803570597e-01,8.490842107470751854e-01,1.000000000000000000e+00
1.564152864826378053e-01,4.008798160427552992e-01,0.000000000000000000e+00
5.614518415290385978e-01,3.260803564058252224e-01,1.000000000000000000e+00
3.435582276148322900e-01,2.442996847469936228e-01,0.000000000000000000e+00
1.589458093289556895e-01,5.673842775275048655e-01,1.000000000000000000e+00
-2.078455099457415800e-01,6.429770660474614097e-01,1.000000000000000000e+00
-4.988937719865429998e-01,8.395016443565118669e-01,1.000000000000000000e+00
1.074452438433093793e+00,4.262513565552296657e-01,1.000000000000000000e+00
-3.627441580139898480e-01,6.588293259092148357e-01,1.000000000000000000e+00
-3.632929624699341581e-02,-4.595884684618531946e-01,0.000000000000000000e+00
-3.290709588171295552e-01,7.232132247498063160e-01,1.000000000000000000e+00
-2.868590411337914592e-01,6.187032090301261000e-01,1.000000000000000000e+00
-3.750329986507944247e-01,7.805971445958711508e-01,1.000000000000000000e+00
5.862979168299521371e-01,-1.083861731517711258e-01,0.000000000000000000e+00
-3.212802575185857989e-01,-3.003011044892336945e-01,0.000000000000000000e+00
1.857540625491406749e-01,4.284097212575579405e-01,0.000000000000000000e+00
-4.266179331164212662e-01,-1.690135462791845372e-02,0.000000000000000000e+00
5.116256052873303650e-01,1.566015337324334553e-02,0.000000000000000000e+00
3.760666088564135756e-01,6.746419811370949482e-01,1.000000000000000000e+00
5.673920420821395583e-01,9.933056480295708590e-02,0.000000000000000000e+00
4.423567039038116544e-01,-4.032811037634048690e-01,0.000000000000000000e+00
-4.162334630337485852e-01,2.988744334352597121e-01,0.000000000000000000e+00
-5.173893290097751896e-01,8.658200435837719589e-01,1.000000000000000000e+00
4.686904093427567974e-01,1.098593505882783594e+00,1.000000000000000000e+00
4.432986356063483013e-01,-3.351331872364824438e-01,0.000000000000000000e+00
3.684618843876763528e-01,4.375256247901499473e-01,0.000000000000000000e+00
4.558325984220937821e-01,9.044736615862005724e-01,1.000000000000000000e+00
1.981773291442494034e-01,6.497380033432715862e-01,1.000000000000000000e+00
5.069494046114887409e-01,9.033613834084219807e-01,1.000000000000000000e+00
4.007342566031206199e-01,6.489204686605838379e-01,1.000000000000000000e+00
4.294143051481595919e-01,1.081256185781336976e+00,1.000000000000000000e+00
4.194756846623757807e-01,9.297860536491947547e-01,1.000000000000000000e+00
1.277472446701878095e+00,7.103509246217611928e-01,0.000000000000000000e+00
-5.270283748679931435e-01,1.608250824015812486e-01,0.000000000000000000e+00
-5.442366641660799642e-01,1.221818097465396047e+00,1.000000000000000000e+00
-1.813027618577413569e-01,1.462291444949318064e+00,1.000000000000000000e+00
-2.810346876839018293e-01,6.574048291343450590e-01,1.000000000000000000e+00
-4.498315816336525552e-01,8.859659771388547211e-01,1.000000000000000000e+00
4.253937205658629428e-01,4.028608138098852681e-02,0.000000000000000000e+00
-9.086386081564819250e-02,5.936498022787858320e-01,1.000000000000000000e+00
6.635918446787605895e-02,1.422676157709544142e+00,1.000000000000000000e+00
7.718854247671465621e-03,5.760162138224328432e-01,0.000000000000000000e+00
-3.832331356391640576e-01,2.694967298375107734e-01,0.000000000000000000e+00
4.470656497157656228e-01,1.030601726481243652e-01,0.000000000000000000e+00
-5.345642007168970311e-01,2.518625883915511787e-01,0.000000000000000000e+00
-3.889554965765006922e-01,3.073021720245300847e-01,0.000000000000000000e+00
7.950304153329548207e-01,4.568984177109121636e-01,1.000000000000000000e+00
-5.524752008003255277e-01,8.770713205211675412e-01,1.000000000000000000e+00
4.133176237228257111e-01,3.956788017103116117e-01,0.000000000000000000e+00
-5.805218908414905288e-01,-1.380876194877307395e-01,0.000000000000000000e+00
3.363086253809938753e-01,3.397605673898592138e-01,0.000000000000000000e+00
1.213688608926292156e+00,1.415675212400745231e+00,0.000000000000000000e+00
-3.033835646009768183e-01,6.892513621836708904e-01,1.000000000000000000e+00
-2.606882002745888327e-01,5.337409970163938810e-01,1.000000000000000000e+00
7.246454993749944506e-01,5.306453397440709097e-01,1.000000000000000000e+00
4.815675505566394121e-01,-1.447777717010248488e-01,0.000000000000000000e+00
4.720826841729395817e-01,1.080217080976617616e+00,1.000000000000000000e+00
-3.441758248254199182e-01,-4.399640273813049673e-01,0.000000000000000000e+00
1.043416736620260465e+00,5.155078841981209914e-01,1.000000000000000000e+00
1.010512060274338236e-01,5.384550464733027786e-01,0.000000000000000000e+00
-5.012544600642895309e-01,9.764759563246461216e-01,1.000000000000000000e+00
-2.450606130072354172e-01,1.505331401700430671e+00,1.000000000000000000e+00
5.116168036080988822e-03,4.137327747867593497e-01,0.000000000000000000e+00
1.109417402081644743e+00,5.106939897018711871e-01,0.000000000000000000e+00
3.537541988301289714e-02,5.099417283705017789e-01,1.000000000000000000e+00
-5.341860532741399270e-01,-1.846870825782595815e-01,0.000000000000000000e+00
3.322132128648746519e-01,-2.998256948562817992e-01,0.000000000000000000e+00
-3.175818525467994924e-01,5.392832136013667732e-01,1.000000000000000000e+00
2.886458248255146519e-01,3.034866818608963901e-01,0.000000000000000000e+00
-4.216376986307255881e-01,1.005407230814833852e+00,1.000000000000000000e+00
3.733250150981126669e-01,1.268194511600400753e+00,1.000000000000000000e+00
-5.206846926855824842e-01,7.963648077225026212e-01,1.000000000000000000e+00
4.705172360082517935e-01,1.106590204634390950e+00,1.000000000000000000e+00
5.388554835583683200e-01,3.679274170729037174e-01,1.000000000000000000e+00
5.924905980169957731e-01,1.031149983536670645e+00,1.000000000000000000e+00
-5.229862350315593877e-01,-2.361573525211477231e-01,0.000000000000000000e+00
-3.420927250439531608e-01,6.653006545290744977e-01,1.000000000000000000e+00
4.735243715413444687e-01,9.121863178918252490e-01,1.000000000000000000e+00
3.741558389051198585e-02,1.479263445450609060e+00,1.000000000000000000e+00
3.734480719936552617e-01,7.141740955691124881e-01,1.000000000000000000e+00
6.314680764243076894e-01,-1.565383376530385395e-01,1.000000000000000000e+00
-9.047744862844327163e-02,5.702043024899142720e-01,1.000000000000000000e+00
3.819108663872993747e-01,7.744952487972935895e-01,1.000000000000000000e+00
-5.668022115330010324e-01,1.087391419744438092e+00,1.000000000000000000e+00
3.108275783238194090e-01,3.271874762434488493e-01,0.000000000000000000e+00
1.408086311848856464e+00,1.637257913560268008e-01,1.000000000000000000e+00
2.758760256095751373e-01,5.854818341211409649e-01,1.000000000000000000e+00
2.557209292366011688e-01,5.990112303695265261e-01,1.000000000000000000e+00
-3.965971456899705094e-01,1.424942590212217031e+00,1.000000000000000000e+00
1.041098863732089264e+00,5.899137878585459793e-01,1.000000000000000000e+00
4.967130129193184085e-01,1.122108415275721027e+00,1.000000000000000000e+00
-2.528162569381659508e-01,-3.374537655854481510e-01,0.000000000000000000e+00
-2.558890967614189105e-01,5.410672951969422995e-01,0.000000000000000000e+00
-8.921302030465906585e-02,5.074964754292965452e-01,1.000000000000000000e+00
5.748704053659996482e-01,1.096646197939153300e+00,1.000000000000000000e+00
3.457528842967768079e-01,4.453566338986816864e-01,0.000000000000000000e+00
4.913952076289729853e-01,-2.298877599907902802e-01,0.000000000000000000e+00
-2.309868991858402276e-01,-4.684668645518276775e-01,0.000000000000000000e+00
3.212925599299101265e-01,5.193462783853688425e-01,1.000000000000000000e+00
5.018565107685540871e-01,1.114922143915648700e+00,1.000000000000000000e+00
-4.270093083068688955e-01,9.183365930503333274e-01,1.000000000000000000e+00
3.767429750031365265e-01,5.801605002963692304e-01,1.000000000000000000e+00
1.552516574521836112e-01,5.668779481293024780e-01,1.000000000000000000e+00
1.382384926117039836e-01,4.040897100690881150e-01,0.000000000000000000e+00
5.600450390950597601e-01,-1.180454388012658340e-02,0.000000000000000000e+00
8.092310414985462441e-02,4.606862719076097457e-01,0.000000000000000000e+00
-4.072524770326457766e-01,1.389834789138342463e+00,1.000000000000000000e+00
-4.470030164337648326e-01,1.776953305579655473e-01,0.000000000000000000e+00
-2.101261173988496489e-01,-5.501028699105494635e-01,0.000000000000000000e+00
1.762740231144214187e-01,5.688851550389444345e-01,0.000000000000000000e+00
-5.712697345998319909e-01,-1.364276202546275962e-02,0.000000000000000000e+00
-6.099017590580071979e-02,1.396220860903528926e+00,1.000000000000000000e+00
4.559258275290418161e-01,-1.524002269441921131e-01,0.000000000000000000e+00
-2.070371526621396230e-01,4.385077397424407275e-01,0.000000000000000000e+00
1.529466114447506353e+00,9.581741728903390154e-01,0.000000000000000000e+00
2.543507467870663730e-01,1.535456617585919226e+00,1.000000000000000000e+00
2.709319041740845813e-01,-3.997185100987651341e-01,0.000000000000000000e+00
-5.224157741187499537e-01,1.885482949667082742e-01,0.000000000000000000e+00
2.985849426186524824e-01,-2.974373512763996974e-01,0.000000000000000000e+00
-1.288640517202837288e-01,6.077609136768783449e-01,1.000000000000000000e+00
-1.975517255071501110e-01,1.490926163943529392e+00,1.000000000000000000e+00
-1.861730338700920140e-01,4.463818341602973638e-01,0.000000000000000000e+00
2.834937530238980027e-02,1.487985745649738956e+00,1.000000000000000000e+00
1.746915561348957591e-01,5.537682094280862444e-01,1.000000000000000000e+00
2.974642434997716300e-01,5.159197137834320435e-01,0.000000000000000000e+00
-4.978494873875982663e-02,-5.856102897090414983e-01,0.000000000000000000e+00
3.177348589988455707e-01,-2.750521190123440540e-01,0.000000000000000000e+00
-4.404448959797384600e-01,-1.666684080233270804e-01,0.000000000000000000e+00
4.944780234071942671e-01,-2.264657940760500532e-01,1.000000000000000000e+00
-1.146808065510452473e-01,4.239145704277013094e-01,1.000000000000000000e+00
-1.507658905539161209e-01,5.962915544866118633e-01,1.000000000000000000e+00
-3.841916421415435545e-01,5.917823030831270703e-01,1.000000000000000000e+00
