"X1","X2","X3","X4","y"
-1.20182729427075,0.249257681826789,-0.147842290541492,4.51961438962001,FALSE
-0.411370599104824,-0.534657974631603,-2.48485284496435,-0.459257180326051,FALSE
-0.933271773809943,0.0214090911484646,-10.0169426560244,1.00777340979825,FALSE
-0.37383650087715,1.9807935913626,-0.352613358101308,-0.918857412981562,FALSE
7.2686372827183,-1.51135176426421,0.706953166889391,-1.43171108368009,FALSE
0.57611573213588,1.02601156708282,-0.38009773844263,-1.08648222821763,FALSE
1.63294988343478,0.609044557139779,0.817033765129913,-0.346309322037437,FALSE
-34.4979615322837,-1.31362104794191,2.47559772596478,0.327273382100771,FALSE
-1.15089789968483,-0.00136060096548157,1.98763565982251,0.345767352055934,FALSE
-0.0322535378168991,-0.159428100610765,-0.037205107869657,-0.71004461456167,FALSE
0.108924002221796,4.85035203544964,0.0910116900764663,0.0834843652826251,FALSE
0.518953822920586,-0.354330302367923,7.50725682265066,0.225840461622125,FALSE
-1.0942460813144,-3.55676925631502,11.0966743921355,0.840451559385944,FALSE
0.0035707070861218,1.87209574932982,0.50919697348773,-0.614860772340526,FALSE
2.8109031068945,-0.681703469570462,0.514689173398904,-0.245991646209252,FALSE
8.4477418377589,-7.5912174642835,2.40172754277858,0.70738370456662,FALSE
2.72759972026116,0.0497367553131539,-1.00761444645723,2.95542268230603,FALSE
3.16145732976679,-1.08060996439226,-2.54429060490545,-1.0513260785139,FALSE
0.630061380713427,3.3471815512698,2.10690515594278,-1.20028905164365,FALSE
-0.1530469445614,-0.953523853318261,-0.0597671346713941,-0.00106929185067512,FALSE
6.83059033925719,0.0718509427926882,2.77773997404826,-0.523658079661482,FALSE
1.65220048611831,0.528358715816647,-0.684020553189067,2.95154367998432,FALSE
-0.109080537257495,0.354552758732222,1.05937723811879,-0.12714416930577,FALSE
-1.31046865754005,1.21363124024648,-0.0635487781932825,0.322298228033705,FALSE
-2.04869960621433,-0.720281303036547,1.40422426426533,-0.523580717365128,FALSE
2.77291791087288,-0.50030926692668,-1.40383060010337,-1.47415271999207,FALSE
-1.38970878637982,17.1474812925607,0.272335394726994,-11.9728296268672,FALSE
-7.178617909992,-0.879463307683168,-0.882871519060735,1.34375612347066,FALSE
0.862083780846926,-1.86364768626847,-0.534136164471871,2.48862117801696,FALSE
20.5967545785084,-18.3254008793592,-1.34249132263419,1.05539511259834,FALSE
-0.760657602315078,-0.834737304204702,-1.63208246689353,0.0518448940685999,FALSE
0.0188129119213473,-1.44582514940481,0.133708445318707,2.37591114031445,FALSE
0.669144464503281,-0.693201937909904,-2.8249682228782,2.38411940522045,FALSE
-1.55586441968337,0.79733476522414,0.125715791840586,-1.40969120058359,FALSE
2.3129391550385,0.341728826360085,0.330916995219297,-1.43871422114853,FALSE
2.15358747513755,0.819915122894989,-1.37715978025954,3.63889210525997,FALSE
-0.437240943083808,5.01153850185408,-0.570926225029854,0.51778019876597,FALSE
-0.310549590927589,0.138435528779612,0.026616431904496,18.7585107604875,FALSE
-2.5866636121189,1.41542000648416,-0.325385960342359,-0.406306218886688,FALSE
0.447859906980737,-1.15810460496088,-0.124369450359839,-0.385793390053596,FALSE
-0.815731512411885,-1.816230441333,30.8269008884333,-0.991684025564528,FALSE
4.4214388858373,0.912444599366688,-2.72241154389771,-25.9479181057838,FALSE
-0.232535905458865,-1.25862250898536,0.130433230745999,1.22972224879745,FALSE
-0.863670969590643,-0.534786817584449,-0.174672546353621,0.310445158956834,FALSE
1.06275714871365,-0.90362801133238,0.601127151446693,-17.7597788655581,FALSE
1.58923017343315,-0.758162945094986,0.544031763173572,-6.18948508451589,FALSE
0.191395691924032,1.80598275152522,1.60183647091223,-2.32546195210523,FALSE
0.137377033925248,1.51481931112877,-0.833361748047774,-0.0384102956411261,FALSE
0.174702169154019,-19.1610198822127,-1.27167673777772,2.42984782053195,FALSE
-2.40261713812373,-65.4102249146117,9.42782268284869,0.0172263117674965,TRUE
-0.112085759118135,-3.49378977454205,-3.78880028272153,-1.29457725864886,FALSE
-0.602893063821882,-0.0874579090514654,0.291956995123197,-0.238519017930796,FALSE
1.52264883945099,-0.805357871585037,-1.87992432991589,1.3278288194413,FALSE
0.791016578135152,-2.11276481240778,-0.812360023661947,-0.653365888649037,FALSE
-1.11650415602887,1.76625304112159,15.5054854772364,-6.17668808842319,FALSE
419.391163689103,0.285780767153784,-0.710245369057366,-0.308275173396468,TRUE
-1.13591672723603,2.06766622246964,-0.749355815191973,-0.119550339274299,FALSE
0.257881976962421,-65.7097172217881,7.26449760229435,-8.77102630778901,FALSE
4.86967289202515,0.121902994272006,0.147668094981067,0.687080111082743,FALSE
0.919047395849579,7.53027851407346,8.81127310978949,0.111819453456053,FALSE
-0.767820589745384,4.29515199437291,0.625538026941456,0.871054527035372,FALSE
1.05610991821777,-0.0650338137982432,-29.9928941888151,0.487360519577242,FALSE
-0.0440615718916138,-0.735677468124514,1.03481955539294,-0.409819165557962,FALSE
-0.957717492236463,2.35249021281845,9.51195177970585,0.193537385451833,FALSE
-0.0636141125782921,1.19752389082282,-0.155063171043252,-6.3942014623702,FALSE
0.821719461167117,0.17837075835239,-0.55475018473845,-11.3204953797062,FALSE
-0.162550532580946,2.12204155263498,0.404041363325583,-0.651060027986633,FALSE
0.507382291128635,-2.00080464892648,-0.924721262588213,-1.65337294533499,FALSE
-3.06597988268644,-0.0542523098475329,0.678047869864832,-10.9004473829118,FALSE
-0.169899786171264,-0.0643867256331319,1.4257139721924,-3.14903797918738,FALSE
-1.48795479542836,-1.06041287053121,-3.48861598059505,1.54095176141665,FALSE
-57.5160355730498,0.0990926487202097,2.62385963020443,-0.0258306186401557,FALSE
2.37062329057581,2.46662510236782,-0.249147964809789,-0.681540141167246,FALSE
1.76353525404864,4.43624792498077,-0.450404572750945,0.624674137652883,FALSE
0.152757932305983,-0.388389019646308,-1.45383589346288,7.87220774982682,FALSE
-2.55031592848482,-1.84761433644274,0.905721389971846,-1.52404656174319,FALSE
-0.121712634348226,-1.28800717428942,-2.72081014112005,0.0862278695661575,FALSE
-1.88923807854256,5.39450667603988,-1.42672702450646,0.214923871775747,FALSE
-30.9171410859564,14.8279763109938,0.913298435881976,-0.25780491666951,FALSE
0.50991414995555,0.217079618677802,0.906257318226781,-0.676011651760776,FALSE
-0.431069110611299,-0.0524838671649614,-0.656892132049921,0.0609490198254396,FALSE
-22.0259345324811,-0.915671961359841,1.18752205402027,3.83311867535302,FALSE
0.0271749081417863,4.19743340141753,0.243420630807292,2.3391103006104,FALSE
0.0603753338690263,0.643558431477622,0.29704740797536,-0.498243802269209,FALSE
0.487994951234428,-8.05110297394589,-1.95882178904462,0.193056030192894,FALSE
1.42315784804196,0.374177150207138,0.280942927891481,-0.553896047305754,FALSE
-0.60996584296754,-0.0883260096645471,0.445323881226952,-3.30647389410093,FALSE
-135.758076757622,0.283957749475625,1.38584724134397,0.270485159480341,FALSE
-0.709532183569401,-0.166316389599151,10.5460361030447,4.47015726015046,FALSE
0.192844730913657,0.0387473686729771,-0.694570904467501,0.970058455740017,FALSE
-0.230281379783481,-0.0571496896241516,0.265774099888029,-0.666901556795193,FALSE
-0.687997149749177,-0.5718828879047,0.30050185991844,8.66172102663684,FALSE
0.252786374860157,0.965386133114993,-2.82677574344753,0.048858590686577,FALSE
-3.04741540915466,-4.10547858395169,0.0810356854300649,5.36162644960214,FALSE
-1.24997449627561,0.03486106920672,-1.30968046074732,-0.999175447345454,FALSE
-22.9753775135517,-2.16224588211236,0.994792290058164,-5.82300389175837,FALSE
-1.2078919300685,0.154847962713155,1.33109776336055,-0.334224481690047,FALSE
-1.00033765314064,2.93161683310283,-0.603013423998999,1.41109398433213,FALSE
0.309844247752198,-1.24423572723216,0.103328663479625,-2.12071372288546,FALSE
3.007627844112,0.00162031339049382,0.967002427799461,4.26934515188624,FALSE
1.32722663449105,1.56205585005557,0.79949935797918,-0.506210093669171,FALSE
-2.59079854744834,-0.698332933091006,1.28351585847419,-0.864775975948862,FALSE
-0.0809966437679631,24.0162127011518,0.458960615136911,-1.25008997946064,FALSE
-2.56775807921593,4.56009767469594,1.54155345431267,0.115787357642417,FALSE
-14.8733525384743,-2.00841685368838,-1.59153218257983,0.889568497860508,FALSE
-0.316245354352587,-1.10534281262366,0.236906388896412,-14.5008530303795,FALSE
-2.1699846738887,-0.408665138470738,-47.5861590150132,0.238951801586531,FALSE
-0.454163098977289,-0.843628730997876,-2.83747552180499,1.22270156210007,FALSE
1.00704775082146,-0.259970204693477,-0.92556531327369,0.465428991884398,FALSE
0.801507450933519,1.52681048098473,2.02819058393083,-32.6657944809905,FALSE
-2.79201828125493,-0.053666502519869,-2.0360425824166,0.539063468496931,FALSE
2.60781421648417,-3.91780975215271,-52.7352076857597,-0.467942707353967,FALSE
-0.96741761912559,0.464503357693321,1.09127061398602,1.73988748206905,FALSE
2.51960990674196,0.221554682311491,1.66628319594482,12.6505680964858,FALSE
-0.750958488191555,-0.367086398170487,2.21427208581865,-44.2273315508808,FALSE
-0.305264990856725,-0.637700252196707,-0.00127051943440926,1.37416511302833,FALSE
-0.0502254253821127,-0.994557936865703,3.34834673616409,1.01423175903638,FALSE
-3.52672650486985,0.315635024790074,1.04972096691974,-8.41585175558816,FALSE
0.029740959119193,0.903084303712534,0.0255688739294719,-0.576517122246957,FALSE
1.58444890200569,13.5424128820955,0.0884379825183244,-7.31649232081145,FALSE
-5.29123074834407,-7.03859315137253,0.727356840793601,-0.263816413119228,FALSE
-21.3223082137637,0.625727552935607,2.22706866732482,0.642827181491499,FALSE
0.289545497627571,-12.2163808056877,1.37266828946687,4.05457715681114,FALSE
-1.54074181286961,-2.04042795423793,-3.53703336506357,-0.348544681253641,FALSE
-1.28942600686392,1.09305323954826,-0.580231062070744,1.49523281223343,FALSE
-0.725431672367005,3.3399505783816,-0.628369231486982,1.12447479537018,FALSE
-0.177512889570521,-1.39408661943188,-0.400531367326121,1.37747963297346,FALSE
0.664305452354479,0.697607879439006,-0.74404033976386,32.945620150412,FALSE
1.19834823441555,0.780740852205375,-21.251700073434,1.3404620285731,FALSE
-0.85809134878266,-0.392251765759865,3.72197347593078,2.02008025360459,FALSE
0.105467240403676,0.985891330326745,0.488716514167628,0.425299568314291,FALSE
-1.66788653396879,-1.08942159298539,-19.203686409533,-1.61871704699082,FALSE
-0.66696546328845,21.4594429130111,3.86898747368753,0.439496711247597,FALSE
-1.77695973989359,1.29227574071096,0.714500965988978,-22.4173842746706,FALSE
-0.176229065020869,2.69629227870071,2.98893952918711,0.34574143462288,FALSE
-0.414787603951339,2.33585985556649,0.359647358528841,-0.457829043074587,FALSE
-1.40056131014707,0.519216626795335,0.21149441328869,0.635876165576777,FALSE
0.657061132744992,29.5585488573462,-9.77586622433736,-0.370846395127049,FALSE
0.316411607431419,-0.260116557317995,0.384054711049313,-0.891291824108508,FALSE
-0.689936266871271,-0.584337394571074,0.683860324449233,-1.00365952558242,FALSE
-14.5935532089447,-0.733203564483588,-0.0220062883739615,-0.121446111504463,FALSE
-1.43681343167752,0.253750572501408,-0.420948398577839,-4.21346053179298,FALSE
0.808032161732677,2.32566589491274,0.248733187663872,-41.1286140718527,FALSE
-2.3120020079009,-12.7354502578692,-0.157589060607358,0.318702869965944,FALSE
0.497741114016041,-1.34408803991515,0.399076621543905,37.7604301255202,FALSE
-0.129297324624595,38.4492908173446,-0.85964320550367,-4.87956645214165,FALSE
-0.0310789485990258,0.37309153599566,-1.13447729334261,3.81473648514197,FALSE
89.3917819123204,1.0128086568367,-0.49556609305764,-2.20950447090549,TRUE
-0.257936631725004,-1.09725802862038,-1.44304830585528,0.515932858072737,FALSE
2.35395884729854,26.631452358785,0.667646320358199,0.812539732973864,FALSE
-0.603944822322492,-1.22635473093649,23.7341409963206,0.141182112038357,FALSE
-5.32918651622143,-8.48088051982104,-1.0828296426637,-0.27009414426167,FALSE
-0.747529078661695,-0.353603687068072,-0.481384404133165,1.00474001983818,FALSE
1.99381638332519,-3.09738419348511,-0.221973095248109,-0.443478185632232,FALSE
0.768297455794036,-1.54554072126122,0.467121628835997,-0.107232396849358,FALSE
-0.802283236045509,5.73936712459711,-0.924716794206106,0.202041793950014,FALSE
-1.54285655292381,0.193737221225082,-1.25449150682189,0.201932475594677,FALSE
4.6103706633036,-7.13074012639979,-2.1054095280454,-2.31099796053027,FALSE
-0.523718490279786,-14.3685936094615,2.81190528036795,-1.1374221017062,FALSE
-3.01491180614399,6.12339120861744,0.279263701104092,23.5724144262525,FALSE
-1.06047340869021,-0.988956181679279,0.748292500713264,2.86484023927941,FALSE
-3.25411524853187,-0.0200533021503123,0.662463507139747,0.715717618952857,FALSE
-0.503371128066514,0.285341002465515,-1.49141641039436,0.294235051149924,FALSE
-0.661830805995474,0.197084623020183,1.51108943942225,3.41954088593927,FALSE
2.5355591198341,-3.18592505457411,0.621846434046482,-0.0298601895986352,FALSE
41.3749744248692,0.623775306856148,-1.47922986458156,-1.5910972184977,FALSE
-0.020808311044815,2.5093225361125,-0.172964859451121,-0.354844743379395,FALSE
0.608872868716328,1.14080647711247,-0.658506316702826,3.75940939045066,FALSE
-0.573388328684481,-0.894420005078118,0.701165857259834,-0.202580360100631,FALSE
2.94535902241515,-0.440990902270714,0.31593766051133,-2.14818676228654,FALSE
-0.0975204168582345,-3.90492824192169,2.08021967298613,-1.21331448634489,FALSE
0.67139373532935,-0.0647113798107413,-1.59289724752641,-3.23419771816576,FALSE
-1.0049023903146,0.182875365656003,126.008044701523,0.028629001014022,FALSE
1.45634435110181,1.11849212731012,-0.898198054441311,-3.44551729928715,FALSE
2.50405631659687,-33.8898839340246,0.0271621742880306,10.3613085494446,FALSE
-0.995199606312675,4.7197318216815,0.123105009030708,-4.70185508817843,FALSE
-1.33885523002722,-0.782648385759649,-0.204315049295352,-0.269277528279185,FALSE
-0.254771417055366,0.310305335743891,0.307013502778301,3.5617617523783,FALSE
-0.749459799257177,0.0166514372910586,1.11761451323917,-557.027636656877,FALSE
-0.59531910453734,-0.446651642278414,-1.07820474929109,1.11114235332939,FALSE
0.581046491762835,1.3684807629404,1.51386916167881,1.93407598314129,FALSE
3.44039990984207,-0.780206526597912,0.864598806831942,-1.77859739157454,FALSE
0.708707678608649,0.306317535718656,0.622266228099792,-1.72705312615562,FALSE
1.06088157729504,-0.029370314738253,-1.37933854503487,-1.42408429855467,FALSE
-0.0932085670260552,-0.783792242537312,2.70976773468599,-1.09452986103825,FALSE
-0.672079120644488,-0.537375528817556,-0.408400118100938,-9.27472217170332,FALSE
1.92649967589712,-0.926675180168924,-0.178306060495644,0.177357291567926,FALSE
-0.196152415766736,1.71349673157923,4.34514718566107,-2.8313344955633,FALSE
0.563692752440476,-0.513711361496638,-1.03139660991339,-1.19586537220242,FALSE
0.536771794425784,-1.44254885511988,5.63811612566408,1.15631950899954,FALSE
-0.974790237563439,-0.14649991036561,-0.373750192935595,-2.61325727972305,FALSE
-0.374102076279628,-0.47320415046523,22.8768610260897,-0.660058685891154,FALSE
1.4397519716025,3.46149743184347,32.1273006576613,0.755395591841961,FALSE
1.48226600893085,-0.370599638444233,1.1652977715843,0.92589882054306,FALSE
-0.0486538884469488,3.9750155546754,0.647215349391711,-2.18529193162167,FALSE
0.0217722578866677,-0.783104179232939,3.20237547755797,-1.64968561119074,FALSE
1.16580158800256,-0.502861991240781,1.66081173871573,0.270666299765235,FALSE
-0.735972367738681,0.704833535651737,-3.57991560021015,1.64819691273707,FALSE
0.9609961969799,1.68292952468144,-6.34313892244177,0.69747097228429,FALSE
7.58472975505994,1.00564857763997,2.70099574657894,-0.318564015851205,FALSE
-3.49971734138522,0.161135821792526,-0.415927647063604,-0.866281969849054,FALSE
-0.350851148034088,-0.711135618144013,-3.73047535205099,1.77204103918682,FALSE
0.409785015824623,-3.71140464013268,-1.62668160036009,-0.309651436991625,FALSE
-23.9029220161141,-3.63370210338914,0.808092044835195,0.885529429914513,TRUE
-1.77072022687306,1.58703154625517,-0.0679341740548012,1.19591034252973,FALSE
-0.906822231959892,-0.131313190730759,1.82735687056779,1.78742676345622,FALSE
0.29949530629636,1.02462392639717,0.95962673148458,0.427101583421868,FALSE
0.215769524723658,0.835628538073157,0.843542130718029,1.20059683728992,FALSE
-5.61527364260763,5.9634280006564,-0.172459550698933,0.81268462284553,FALSE
-1.94267660539441,-1.08241703422517,-1.22589090146436,-0.840417134004245,FALSE
1.34029819345201,0.301233768453728,-0.284521772713271,-0.46811150772315,FALSE
-1.41806957381513,1.14103131634618,-1.09606034645799,0.269118527197585,FALSE
2.47267506372991,-10.3818181522109,-1.69265919592563,-1.60679487946647,FALSE
1.07136167112628,-2.72656069014355,-0.155951610685116,-1.22078480518018,FALSE
-0.190242602212728,1.96447280041692,-0.184318324230066,1.49270088301281,FALSE
4.53324028762077,-0.104832497311526,-0.712441153075368,-0.0120739361932728,FALSE
1.65586431528808,-0.598806261576393,0.128946171090956,-10.5456508990663,FALSE
-9.08191573768886,-1.4077112310552,-0.261329034661786,49.8625209485429,FALSE
-2.39415705052777,-36.7859680826649,0.21990908430771,-0.0859419263841605,TRUE
0.593189137227213,0.563619885399048,-3.00658490729324,-16.680498349021,FALSE
0.357597729608351,1.61325679042871,1.28391873345563,-6.21278406132405,FALSE
0.350394513051153,0.523973949238217,0.340876746716097,0.0615107558260301,FALSE
0.29989108856121,-3.42147258604517,0.280794758803731,-0.434690818517787,FALSE
-9.16998274153683,-1.27693898241249,1.60572118259153,-1.14296355323534,FALSE
-0.337507827605789,0.261100465536922,9.62942052728627,-0.35993496562505,FALSE
-1.2889746583812,-3.14332302824458,3.55170337303842,-0.23277864897411,FALSE
-0.302646371123353,-0.624383717947714,2.12655269892272,-0.514211540499244,FALSE
4.96121234165632,1.00299950718967,-1.20317975924883,0.702820617468267,FALSE
9.85748072228811,-12.0308677065138,0.320335887311694,-11.7252540607606,FALSE
-3.14069649572315,0.159817604578076,-6.16864038588109,-0.119374496862017,FALSE
1.43959506515275,-0.780819279127758,-0.578123583139541,0.547269778916146,FALSE
-4.3452609476464,-1.47651483646583,-1.12455494591343,-0.800574105671828,FALSE
15.2838962510696,13.1654361605044,1.78006540004736,0.401131803916242,TRUE
-1.407601966459,-0.556304574838113,2.11593692632018,1.42921594226081,FALSE
-1.0970465088289,-8.90659439495865,-0.817902478876246,1.15768525019849,FALSE
-19.2000372431094,-3.25820518599191,-2.99897213993251,0.604728106628791,FALSE
-0.0459896209384238,-1.87576209823661,-1.22341394542105,-0.899591435426873,FALSE
-0.263534354673682,0.947697676578177,-1.35842620729714,0.202896737591894,FALSE
11.5410000436098,0.666451586226437,1.90000675467881,1.1255226059543,FALSE
2.54031168543419,2.6766503680896,12.5835301481052,0.116574532468597,FALSE
-0.194636324629227,-0.235581552527991,0.189716626805351,2.96639663935719,FALSE
-0.176221386013651,0.173954851658202,1.74987964142871,0.787813281875072,FALSE
-0.301376302930155,-3.82417006183087,1.30355825534589,0.334395021397799,FALSE
-0.804365942114454,-1.36011981447458,0.261226115071683,-9.06170662141734,FALSE
-2.3859445657875,14.2015013650076,-3.61090053889752,0.649386842552185,FALSE
-1.62446853192853,-0.667534677583249,-1.00215490608048,-1.77751121588723,FALSE
-0.200187179329395,1.07250972744313,-0.637087652826173,-5.42002277956637,FALSE
-9.18293308254379,0.230004417698404,-0.942596802345028,-1.77484375437378,FALSE
1.77632336134043,-0.91826948406789,-0.191754772553271,-0.291818703073789,FALSE
-0.772309803693959,-0.446312518496419,-5.73628569381322,3.32816079226723,FALSE
0.407840465765507,12.3518854305027,-0.33319113013575,-1.01536351213611,FALSE
-0.129112508511472,-0.0769116457249622,0.290719601507907,-0.722984741871059,FALSE
0.102432620833902,-5.98732242722068,-0.846002784543599,1.08463585873958,FALSE
1.06281024895944,11.8225682835458,0.625174657436393,-0.108793952280482,FALSE
-0.408959116351073,-22.973912623786,-1.03120637541142,-0.372054311860686,FALSE
-0.526963538885113,1.41750834800738,-0.847160171941924,2.61126615017121,FALSE
0.0529976340058235,-2.75329052335973,-1.04208610022557,-0.614957236084535,FALSE
0.650782069905819,0.889553327482716,0.901287908134751,3.74937409351477,FALSE
0.38089493157774,-0.630111606923207,-0.190294205756651,-1.0191128941739,FALSE
14.7239392906359,-0.458172663105,-0.205481091817965,-7.90698269947538,FALSE
-0.159270548054691,0.503754531501171,-1.79861544915604,4.31166369340493,FALSE
-0.609617492613271,-6.19820897428775,0.335436954876902,-5.44369930089274,FALSE
-0.672464525951807,3.67445611362748,-28.4336527729156,1.18679306032441,FALSE
-0.271082214411403,-4.32602906381559,-17.9949723605501,-12.690727257237,TRUE
-1.37488017598541,-0.11901494905081,0.0282520476118266,0.776040263961593,FALSE
0.266956929895457,-2.59247231394274,2.23295617405763,0.0488226343689846,FALSE
0.38895316371804,-0.230185349595397,-1.31046485524105,3.74217184885621,FALSE
-0.757476192773383,0.482846467439473,-0.236651303059437,-0.448887516049567,FALSE
-0.0124292979524367,2.08624569228503,9.13818120877227,2.16405342839083,FALSE
-1.46120612782661,1.31265414853374,-0.472917845736747,0.216484797996377,FALSE
0.499040470662401,1.13345256945942,-2.05930271469262,-7.10393840974957,FALSE
1.55244635078061,-0.899860458374015,0.366978706188924,2.70230338907234,FALSE
0.533416585552543,-1.4712573386884,0.239652050480823,6.96140721930351,FALSE
-0.0149125246684592,6.90003363446519,1.31546203352016,0.388037984007042,FALSE
-1.01120086851384,-3.17866988976823,-0.597681361895081,-7.85354241023726,FALSE
2.86309163264385,-2.16827696289693,-0.819221462574335,6.24011062074524,FALSE
-6.13993431246597,6.20174491015087,0.1659661863456,-3.77982899614987,FALSE
0.0926582183028261,-1.37525106875658,-0.0332751563136618,0.54396216012808,FALSE
1.76996983603932,0.344376739293517,0.24842526953303,-3.56089909041038,FALSE
-0.476798759363282,1.58007984728035,0.141210721992288,-0.854131653829603,FALSE
0.421920217396831,-0.161904945696763,0.043755954407437,0.513838800808538,FALSE
-0.768186790120006,-1.12770662237473,-0.180943619467203,0.906808582570507,FALSE
0.317578722789784,-0.569025350352413,-7.77475236278665,2.31780373020168,FALSE
0.0602451127990584,0.722552801679494,0.171617318130137,-16.3418669253576,FALSE
1.17849369787511,-0.467364596867636,0.140644275241793,2.42194158286574,FALSE
3.48910206023225,-44.30990867128,2.46909155249555,-0.504031491255596,FALSE
0.212672016290369,2.11910356039473,-0.150988265798274,-1.94588810406042,FALSE
-0.743324284610301,-0.128315760124573,4.64632264497913,0.242510479841336,FALSE
-50.3171160396072,0.529187571014948,-1.04772595160386,0.821991705657043,FALSE
-17.0720402961885,0.0967778153724648,0.261331686777439,4.13041306756252,FALSE
-1.32787443096486,-0.293434634854526,-0.199263485930298,4.55495596288211,FALSE
-0.584553370690379,-1.07439556380339,-0.721726859511787,0.602595253484644,FALSE
0.193680477848589,5.0848399963245,112.311701964562,-0.0108871277985749,FALSE
1.77692074751047,0.675248246863537,0.182925277326834,-6.79232011529607,FALSE
-0.715840635546049,-0.621759752529833,-12.3640474349441,-0.100989306374031,FALSE
1.23624022396532,-1.7917681504092,-0.442253012285427,0.516900804039121,FALSE
-0.657429864273161,-0.665616571614056,-0.246890033194796,-0.786505196099391,FALSE
0.801579860582914,1.67320463632311,-6.72070403750044,-0.257258797102277,FALSE
-5.71354247045524,-5.45697419954497,-0.457371543268331,89.2673358788625,FALSE
0.0488204442931066,0.692475587574296,0.192143121301015,-0.587099251532113,FALSE
0.167053700407275,0.758186834826657,6.40788600482865,6.99407569125815,FALSE
-3.12243917699742,1.72390359183952,0.205115077675286,1.64878458129139,FALSE
-1.30358730314301,0.353210530877346,1.15968389838748,0.118525567419023,FALSE
-1.91125372129799,3.27062395851576,11.760254442129,16.1918064302068,TRUE
-4.03039957308093,-0.0321990058304182,0.457236171142454,4.99207153946737,FALSE
-1.59466850965654,-12.6964887032406,3.50648826166549,1.25141418015503,FALSE
0.775568247721847,-15.7153834455496,2.47530227418395,-0.443613694167717,FALSE
0.92136610605278,0.946137062514007,0.44374539829741,-2.22623554067871,FALSE
7.31446484582937,-2.66129467536065,-4.50599795881719,-0.0866871119272477,FALSE
1.82104342673595,0.487137288146229,0.212916347165869,-6.13832065607726,FALSE
3.10847997530962,0.110553683436216,-1.35634445261808,0.169130631160685,FALSE
4.58818373244693,-0.687066504082912,0.505860682713813,-24.9381309308656,FALSE
-0.14112553066336,0.418172053575933,-0.645065367901398,-2.04177846426392,FALSE
0.839404023950093,-0.676740513165905,-0.75501965515251,0.437354410123477,FALSE
2.22053268322011,-0.325333655051723,-17.0525960192128,0.625351153317556,FALSE
-0.386959806574174,6.82574421180235,26.8482046526318,0.164696060014815,FALSE
-11.7537671920419,0.28033026509686,-4.26522574165878,0.0333396056378035,FALSE
-3.62348811578577,-1.24859592265388,0.713045855390118,0.506062444387457,FALSE
1.04933983140851,-0.0936305628488399,1.43985937613323,2.80599970999874,FALSE
-0.436963689066863,-0.143486295317415,-1.17814969548767,-1.16962335615559,FALSE
1.50071493094747,0.275467423558566,-0.461750719180942,1.33654199769515,FALSE
-1.65674934871996,-3.89899535835769,0.157360733801635,-1.97759063849701,FALSE
-2.54642744301977,-1.31666014920752,4.24865766563954,11.7983267557793,FALSE
3.19772014334207,0.28566925981569,-2.55699854447323,2.88464402381038,FALSE
3.22888710593573,0.352419247592282,1.56128858095704,0.155901888664339,FALSE
-0.118880323488079,0.356281006630958,1.10384556123115,0.198451734794366,FALSE
1.52232969398114,-0.0953202356347692,-1.08744858870759,-0.262776225833579,FALSE
0.0499009398649111,-4.23517781208617,0.791233175142485,-1.05546860005087,FALSE
0.552403929551752,0.237140948218004,2.85513162653037,2.25903364946594,FALSE
0.877474756465514,0.493924262446042,-2.00740292822857,-0.698560151747655,FALSE
2.76369879162774,5.15886349807349,-0.795676985284143,10.5709562751764,FALSE
-0.513119205984128,-261.358382177351,-0.0262238399963087,-15.8129692837603,TRUE
-1.08768266555633,0.600567729049454,-0.495646790417913,0.945505998129577,FALSE
-1.63361068400815,2.68935126791472,-0.427137046907443,-2.98651842942658,FALSE
0.351250162109696,-2.46590614788711,-1.5761698155787,-0.290313449651517,FALSE
0.188835871237196,0.555602158828725,5.03683012769963,14.5951235015134,FALSE
-0.122627257757043,-2.82665964967911,-0.18201774846382,3.29728584638,FALSE
-1.13644192911701,-0.662873250360533,-0.161521047211032,0.34690654552595,FALSE
33.6878507872283,2.44047506579191,-0.383325035151177,-2.42005229624135,TRUE
-0.392448051613375,17.3746601666052,14.5527091576274,-0.315334025896155,FALSE
-3.93429993621768,1.96800296936914,-0.97387099491531,1.77088084866661,FALSE
-1.42917716891482,198.651005841781,-1.02633688400788,-1.50880958069431,FALSE
-0.286984046013635,0.245106228323481,1.32668962087415,0.334553959349305,FALSE
-0.558557829778332,-0.0793010238478684,-2.60348090593145,-4.31303182326286,FALSE
-22.1080347419803,-0.581556413384068,-0.964116990452749,9.37746707699027,FALSE
-2.38067253653793,-0.188065716484776,-0.0139323485009459,9.70463523027208,FALSE
-0.749862354752525,-1.131979930064,0.0443766072835712,-1.46598235367849,FALSE
-0.178371217229017,0.0927460158558402,0.374323789890633,-4.51507230058357,FALSE
0.140125360604107,2.06137680057568,0.591525099284557,-0.148720370486735,FALSE
-0.978351642580359,0.682041689665689,1.03816058510789,-3.28779074403027,FALSE
-1.52523451611812,0.111602085206873,5.65186259950675,-0.67869714344192,FALSE
-2.47162035576461,-0.355295237327609,22.4813079359647,0.0194591021557549,FALSE
-0.0204357624889049,-0.282500501924845,-2.0700397580692,2.93359669025094,FALSE
-2.20269998421279,-1.52909164531475,-0.355563999202152,-0.473964953608908,FALSE
-1.87548201819317,-1.66589564030878,-14.2682400437201,2.05899442581335,FALSE
-1.15278385737192,0.957379046807072,3.37792739251598,-5.15020903959764,FALSE
-3.64703695318514,-4.79488026013966,-0.100482799999528,-16.813622834416,FALSE
-4.14963925338616,-0.177587930124693,0.0409782236080819,-1.07297848503895,FALSE
0.109470226919263,-26.6073399498614,-0.355403787510971,0.63120431739,FALSE
-0.790771424910111,-0.395335224814662,-0.82066222635125,0.0823468376341132,FALSE
0.638826828231876,0.996766108746122,0.199178693582456,0.865884009314204,FALSE
0.584326563961417,-0.121617698144689,-0.671206725170998,0.114770011577013,FALSE
16.2545552757728,-0.425179859080783,-11.3045860771383,-0.186115225493122,FALSE
0.954218958884187,0.808634213685203,-3.06810049958235,-2.67926120352047,FALSE
1.8546684260208,-0.047249290649374,-1.10663744522986,0.995255993931895,FALSE
-1.22976807732526,-0.675007229437962,0.259070624673061,-0.173970350850162,FALSE
-0.42960050801081,0.463189650525884,3.49879752102419,0.159870654289172,FALSE
1.0254995766808,-1.31146071694165,-0.260254326211022,-0.758864333255,FALSE
-0.762694616883196,0.451793660740226,-2.17329953189532,1.3168683232779,FALSE
-4.37777371794147,-0.346120806243169,1.83174709193166,-1.51864160397373,FALSE
-10.4193718998915,-0.31228708629058,-6.49434496229152,-0.7842843461051,FALSE
-0.803494760785851,-0.368209655122869,-0.0526676034085926,0.490792005522249,FALSE
-0.233470461353543,0.00858301068622699,0.112469581727665,0.960840904703248,FALSE
-2.48715627725261,-0.581478201493629,0.245567918431808,-5.47027383527047,FALSE
-2.02764599705868,-2.24163562922025,-0.542794436062024,0.365570462240857,FALSE
4.78294044558262,-0.404785638439439,-0.989255734841898,-0.59871355958987,FALSE
4.62007967328929,3.50580964033193,-0.378662986143046,1.55659683418873,FALSE
-0.0783483543952189,-2.01684682774228,0.397427170107574,-1.71937640804367,FALSE
1.44939876112428,3.95769115971954,0.246512560074686,-0.366066500244845,FALSE
7.38667397239089,5.11185281079295,-0.777855111160744,-0.639717455728227,FALSE
-1.31789712412968,-0.162259880598029,0.411316843963575,-0.36073177480647,FALSE
-0.674875448579055,0.192845837800774,2.15147982453095,4.69026620849452,FALSE
1.43926902533833,0.096963310900774,-4.01777398713699,1.35117327895265,FALSE
-1.597231322295,-2.86024853659311,-4.01575018060066,-0.869299286628299,FALSE
-0.804771742093869,3.11962500792286,-1.49568124285686,0.173497091198396,FALSE
-0.469944798911352,1.70476833990615,0.79879423544139,0.0580518673766272,FALSE
-2.56629354435871,0.274328938941217,26.4547665081957,0.00776994541689638,FALSE
0.672860772600717,1.51101908969075,1.05181788072052,-0.952737739917201,FALSE
-0.307846679305266,-0.234614651331137,-4.87365892297436,-6.42488599285325,FALSE
0.101178153272217,5.91410245378846,2.57026397246317,0.222333426916752,FALSE
-0.787366008708683,0.0511331816650315,-7.4616128492623,5.06985567472243,FALSE
-0.492234459090256,0.601770411354429,0.177891228261587,-0.504359006792276,FALSE
-0.714247250298682,1.22344545444502,0.394490955839335,-1.38978831260554,FALSE
0.582931846058271,-0.98006238873042,0.740652581628254,4.80532831087117,FALSE
1.67498536519329,-3.30747630719009,-0.612978898318578,0.658525731434676,FALSE
0.723498106109479,1.57375487329501,0.77923378277156,-2.06056884194411,FALSE
1.66121693718252,-0.454157205007297,-1.77282669595648,-0.288545907591855,FALSE
2.53990674555862,0.587081751767987,-0.217556825269837,8.1786283846995,FALSE
-59.9647957830436,-1.26687563602518,1.44664106808349,2.20933519607171,FALSE
0.417918275990524,0.0550495032782029,39.9382233717311,1.24518055761445,FALSE
0.241675700306588,-0.0333817464905018,2.9027515915546,27.0535699441805,FALSE
12.3994942383067,-0.881041438694669,-0.151036350984835,-3.70060430117657,FALSE
1.09614280154461,-0.0681056320998653,-0.609802380725309,-0.308903019157154,FALSE
0.885792850477199,-0.493431700736449,1.00907818532211,-0.625615100354803,FALSE
-3.20749711514919,13.7690230985203,-23.4412345270814,-0.0754460424642746,FALSE
0.545367237912674,-0.623057210867034,2.80092030162691,-1.0251723205928,FALSE
-0.489681338469932,-1.68137961394676,-3.21248862047981,0.0325740836100978,FALSE
0.924121338193569,-0.505032939875834,3.76709506353788,0.150972940298835,FALSE
-0.740498550834325,0.31187807938966,-0.419288738043405,-6.10308204436119,FALSE
0.25169121310916,1.89321144090965,4.15441167951568,-1.62550599113702,FALSE
-7.55367165441159,22.6439924458392,-0.745937314133783,0.0191779619293855,FALSE
-1.23269468910721,-7.64484625730188,3.56320578016519,0.704958049343387,FALSE
0.128817583253611,-0.624429059196904,-2.19447059203804,1.00624560743756,FALSE
0.0806000373032665,-0.0612772545558816,-1.56894423258995,10.3176877790069,FALSE
-1.06076769776568,2.10984284688305,1.98609743868578,3.19070886053492,FALSE
-0.880786638789279,12.0951618481391,-2.084920798358,-10.4055519672031,FALSE
-8.18915606117486,-1.57780876489453,-0.279359845819057,0.76089151051567,FALSE
2.72739980864954,6.37315613981974,-0.3377948036457,1.51180801296141,FALSE
10.3762599768019,3.90782264415469,0.670144697955069,-1.4869436391248,FALSE
0.404992275504423,9.06329473681486,1.11269978679647,-24.428652544428,FALSE
-0.552256099559044,149.20996931269,-1.94211268928163,7.07335281108522,FALSE
1.11556345528703,0.714747585712083,1.55797127132271,2.61271550818277,FALSE
0.703286350227771,1.34958989658325,-1.82176455930942,-3.45961229101042,FALSE
1.00820268058708,0.172030226038707,-2.21392427169405,11.7590146132872,FALSE
2.75404469796021,1.40524860969951,-0.932456407170405,1.18149820132547,FALSE
-0.53511875626843,0.463663951623877,0.123276684367013,2.48403920127121,FALSE
-0.0610305725274685,9.37256261458329,0.304910349940542,-19.1188473782254,FALSE
1.43547004199705,0.230495402427543,0.697799361270711,-6.57607204084749,FALSE
1.13727573706531,-1.70853212980172,0.197785197645402,0.550130372309926,FALSE
-2.45916020620039,1.69542580652416,-1.13261831154786,-1.13700655031991,FALSE
-2.43906137283591,-0.546285483958671,1.05913513632182,0.362074605608376,FALSE
0.177087216800394,-0.758684273632509,-4.53784485262411,0.561343673116372,FALSE
-1.02889376379575,0.404589623285427,0.576073399385268,-0.277517103356615,FALSE
1.47982419359774,0.669368152253365,-0.438929169866414,0.592431563851696,FALSE
0.134369346259671,-0.146784808043931,0.501050394857028,1.34439920631061,FALSE
-4.65884723835889,0.854357866769033,-0.0865666400789656,-2.38470631673562,FALSE
0.0515544730741972,-0.366348911817575,6.00434139407659,-1.2494928612139,FALSE
-0.411032330061441,-0.163948581474726,3.55688900848083,0.560323217026065,FALSE
-11.5530405731876,29.0708524902486,-5.71213609575647,-0.130727645291915,FALSE
0.358094057191489,-0.379805335115825,-0.500441842567589,-0.352028486414509,FALSE
-0.692284988426138,2.65441582180445,0.170388028893696,0.588470142316119,FALSE
-0.683845482905747,0.140935462880121,0.0759513931830309,-24.3619808361092,FALSE
0.0346007738506724,-0.571928004174542,-0.5715512500949,-1.33839751927021,FALSE
-1.5390818648485,-1.17758719341924,0.267802063422932,1.28845116906913,FALSE
5.26981379284922,3.26071025125469,-0.498164893319542,-0.905420227680017,FALSE
-0.314237636588264,-0.202293569503416,0.00308482637159303,0.798882394328226,FALSE
2.89252661389899,0.650614668286936,6.85430589351668,-13.033066972856,FALSE
0.0133660315297129,1.33368624393338,-0.91246932943082,2.67514488610394,FALSE
-0.115555446270194,1.09182062569267,-0.639843006099611,-178.794394778222,TRUE
-0.104251233874249,-0.377696815063085,-184.617555184273,2.5281643773355,FALSE
-1.00444919420947,0.164759043608602,-0.061690671221365,-1.49750191869873,FALSE
3.07904576355455,-0.0713628246117501,-4.08031207556436,2.57344615204139,FALSE
3.75278897487946,0.0496702517474523,-0.820451192366582,-1.24954392862094,FALSE
-0.623148285845279,-0.990348597407478,1.25951760525153,0.967044848073267,FALSE
-65.4908850470703,-0.0544545424678589,4.22336765512536,11.5268415352966,FALSE
-1.41097937361721,-0.942059465122464,0.643496513705,-1.51220967591852,FALSE
-0.198913847118561,-2.88914880043361,1.42343857445408,12.6804591370504,FALSE
1.03824163828777,-0.675734664755147,0.155427060752442,0.880324726093338,FALSE
-10.301014335581,1.39210035701624,-0.924914052948457,-0.95929389453223,FALSE
0.297018672567901,0.543579305658638,-2.27303709855056,7.34667185962488,FALSE
-10.1499064417227,50.7049053856365,0.510606399785554,0.150847359850068,FALSE
-0.242024087242932,-0.119071074767335,2.15500938750059,6.19296080544148,FALSE
0.816287554527315,5.23218963077153,-0.0915371404316199,-0.770514284354867,FALSE
-0.466403197694125,-0.606037155201308,2.48429771887546,0.922765332449551,FALSE
-4.74307848347201,-9.01798793641514,-14.0328100206156,-1.96198844160393,FALSE
2.99678109104125,12.3631428289455,-4.15049330896972,-1.09522655155411,FALSE
-2.93217020337958,-0.816840547291722,0.140709949566255,0.965911716889108,FALSE
2.44408562557784,-3.25904868567397,0.674586360274867,-4.69264792125399,FALSE
-0.663749907249088,-1.95473559064357,12.2875656383778,1.67558810705152,FALSE
1.30851438034377,-0.601551877179087,-0.722761005898388,0.16669770517151,FALSE
1.57500638937722,-2.19518927856853,-0.660869400463364,-0.266844430300174,FALSE
3.74751267005574,-0.417692598742127,-13.5861852297863,-0.724599333158191,FALSE
-0.849274950426308,0.0905504029256668,3.28959640768912,-0.752288140266202,FALSE
-2.11626424557525,-1.13610724136519,0.0377940264762348,-1.22909863650509,FALSE
1.0683988263187,13.8159475632467,0.672309913356878,-1.18170789225159,FALSE
1.49846890141702,-1.87782777187592,-17.9631203227096,3.07713738391316,FALSE
-1.09974525316048,1.56173798253232,2.90010271097458,1.77594028015922,FALSE
-0.85049887647401,3.68741363289538,2.91603448663213,3.2840933549459,FALSE
-3.14271142843398,-1.08385396188654,0.246919482748394,49.015081130446,FALSE
0.38364883239891,1.38837447944614,1.23712630683675,2.11503319541467,FALSE
0.950597759867699,0.584383154485222,-2.74220169349451,-0.455021834428433,FALSE
1.09446661117531,0.868295638166197,-0.452416818320672,-1.68280059617131,FALSE
1.24997906399669,0.777999024967,4.97362373770035,-0.325224614499226,FALSE
-9.37586598566546,1.17031166510795,0.33246446788546,0.146656146053144,FALSE
2.97848629969952,1.47111718363044,5.61691834166397,0.522589425731689,FALSE
-2.0552768776171,4.99147694651321,-0.201793691647406,0.44968048952792,FALSE
0.484803509539065,1.78957218924399,-1.95743838544566,0.405638880993025,FALSE
-0.446740075788886,-0.379786705874037,-3.60320333306206,1.36483867335938,FALSE
7.47086508825143,1.03998897368879,1.55195276429918,0.129965906729251,FALSE
-0.326575860233437,-1.58885633117494,4.18802128679114,-0.710727691653457,FALSE
-0.828981126548027,-0.261565978911637,-0.390929810320178,-1.59079237915656,FALSE
-0.654421182712338,-0.14856079923986,-1.24127727523739,-0.0491512529723906,FALSE
-0.0094359231679583,-0.00310515088715467,0.720176354070198,-26.0625912087518,FALSE
-3.45012444350029,-12.2854493186442,0.233330394529186,1.29803254901689,FALSE
9.48212155011243,-0.0902898176860855,3.38714179355316,-1.40037989421856,FALSE
1.70294347374479,0.185281812178183,-1.36280528548589,0.798708875663396,FALSE
-1.31776236925672,1.90752325885753,0.195778505046734,-1.72648833558731,FALSE
-0.954678160612369,14.0783798786807,0.177445695381259,0.448481080661052,FALSE
-0.858254744699184,1.19880388924877,6.30132314925655,-6.74140222587219,FALSE
-0.428038733478903,1.69758080996651,1.11197254169033,-1.46694501506092,FALSE
0.772420543559558,-1.59924502465905,-0.662830348100564,-0.26599019481996,FALSE
-0.902844208496053,-0.504661057296556,-15.3927727041494,0.168537609837405,FALSE
-0.543163600562784,-8.18024066971732,-0.934675212106541,-0.307509746576347,FALSE
-0.209954227409798,0.872756460229958,0.350002278132676,-0.428133457758319,FALSE
-1.62241069022054,-0.996939791913685,-0.277119033818632,3.1758733998666,FALSE
-0.474566937125253,5.52548570880113,-1.77298149156364,-0.722864956394117,FALSE
0.2425735719828,0.864993642546997,-5.3882014774544,-1.75978385959052,FALSE
-2.20555766431554,24.0861623762347,-348.292238368254,0.220683230063187,FALSE
2.9323997681838,-0.519662973860605,-23.2003476368659,-4.4182240151857,TRUE
-1.01438427409415,-0.0273288269910132,-0.461639913974284,1.17164182738767,FALSE
-1.06832715032561,0.957125984729331,-0.284958298662567,-7.28158579501962,FALSE
2.34546819028728,-0.0301648289847807,-1.54032404951681,-15.9735233797047,FALSE
1.80638062516918,0.327621327535537,2.08478032560496,2.21453497960906,FALSE
-1.65741789568054,1.05873319057201,6.32412254616456,9.92986526438935,FALSE
1.60806034110106,8.60659761205419,0.754920729445509,0.444085402048415,FALSE
-1.53165211508922,2.34524619378745,29.6307701830143,0.970287570671826,FALSE
0.796192517643269,-0.101950097921825,1.65831136090148,-1.25749206533747,FALSE
0.978028946719802,0.771708290165558,-1.58367823026557,-1.59631190809288,FALSE
0.408051053959306,0.618352246688857,-0.43808301690915,-3.77948722811646,FALSE
-0.799155910775236,11.7429051849865,-1.34288017417917,0.2721584005365,FALSE
-0.930680209607392,0.514749197061354,-3.75312387359454,2.44135701758676,FALSE
0.708458586201208,-33.0530472179633,1.52956732597739,0.0646157779448635,FALSE
-0.33352087798336,0.302484433767063,-1.20658843089705,-0.163195894804042,FALSE
-3.23600869483532,-2.42301661415338,0.480535197085451,-2.81128653145103,FALSE
5.5330395544769,9.45145770549954,0.977206512935163,1.15551776733832,FALSE
1.36660963086199,-1.05291734554367,1.00881121589939,-0.926158821289056,FALSE
1.40651030830032,-0.824599532774176,0.526349345665373,-98.9211873485338,FALSE
-4.24015457294787,0.358427500467379,-14.9969879036532,4.42552998586009,FALSE
-0.220400412289814,4.94298296147872,0.426187141043331,-22.0127694542671,FALSE
-0.681670528280636,2.22970782643511,-1.01710429307213,-0.450647998163504,FALSE
4.86119121127308,-0.69805490197433,1.61343369695832,3.60427311329234,FALSE
2.05789102119078,-25.9424667160617,-0.0238437268066764,-6.25863460543449,FALSE
-19.1178345426855,-0.575313878933948,-0.692852021662169,-0.731213275184268,FALSE
-1.92827428607585,0.245910425095378,-0.51400825218461,-0.423249801600531,FALSE
-1.51750542695042,-1.13115752768416,-0.93769014211025,-0.0974113282105733,FALSE
-0.620672504441681,0.51823547167246,-0.336125585555958,-0.241330196427221,FALSE
0.392207161754063,-0.0196811235318958,-3.56164768206311,0.286449429265917,FALSE
-0.272360720642836,1.34188518110292,0.0560557697134009,-3.88365072413114,FALSE
1.02211827187355,-0.410504639100095,-2.42572900528661,-0.083089693347589,FALSE
3.29185117841027,-7.34909161062479,-2.04677612949691,0.213726235646056,FALSE
1.0840354379618,-0.0958123170077553,0.032938828937879,-0.641027360054433,FALSE
1.57594010075696,-0.11203891630479,-0.133166123658092,-2.93862398553964,FALSE
0.947082238618464,3.2914270070167,0.840029442934041,0.0967901281802891,FALSE
-8.46086793172425,16.3708030758727,0.807830371045452,1.14134486712072,FALSE
-1.22453408371256,1.63592989117776,3.02924009816739,-5.5047962517597,FALSE
-8.36062482889485,0.187215158085263,-1.17690815125808,2.228044367726,FALSE
0.054393511420317,0.920109990872838,-0.398289617387963,2.51371015395775,FALSE
-2.45882583428459,1.00902783729999,-0.579493059844549,0.930147807456321,FALSE
-2.9842868510064,-1.4960370884951,1.060524872732,-0.220098075346912,FALSE
-0.914366899941195,14.5557715654578,-4.03159345869278,0.242144323039213,FALSE
-0.416661539965683,-0.736592039952662,0.115752181770718,0.565741821562239,FALSE
5.57018302626795,0.0328342043070467,0.171185436095537,-0.275218760388954,FALSE
-53.9300764366848,-0.622601681688699,0.471020414141961,0.696715499363699,FALSE
-0.357041578761028,-0.0561753861881435,-2.9827841926565,-0.779064202785402,FALSE
2.47154453839429,-0.603337103390928,-0.924243952970146,0.696244716035025,FALSE
1.05026828765967,-2.02495676894394,0.434087140590882,-9.32841123580993,FALSE
0.58922335347048,1.27025221379969,0.11014719426597,-0.274235088214991,FALSE
0.278354897270118,1.01030616782206,1.09277968137314,-5.33134754600298,FALSE
-1.55363815964793,-0.974081858745868,-0.498809827786403,-4.19786417332451,FALSE
2.10270456041119,4.03627554748687,3.47423586659344,0.824230566209198,FALSE
0.207188855372676,-3.56732464824513,-3.87847876037333,0.00869132736914586,FALSE
0.216609284385671,4.88521134187916,0.537220704807171,-0.6437349773158,FALSE
-4.81016775881378,0.539129803317442,-2.75785845001933,-44.4143014566736,TRUE
-1.55321022638781,-1.38066065316476,284.230989517371,-5.30135955595449,FALSE
0.688425065499925,-2.03375400477108,-0.513578237428744,0.187778001473583,FALSE
1.10338675650548,0.881520233575336,-0.180433859360534,-0.308473638968954,FALSE
-0.17628695763127,-1.5691464522477,-0.0342527784062618,-1.04002197176777,FALSE
-16.1968012594509,-0.114501499173847,0.602418152319899,-2.99771211017959,FALSE
-1.05785199913017,-12.3277730206239,13.4481668606363,-0.0294803372406857,FALSE
0.835538771865916,1.0320454386128,1.90820043147794,4.38448748035426,FALSE
-2.13218968022205,-0.539541777595604,-1.82427236027623,1.26994938615621,FALSE
-2.38649604973053,-1.53748882595684,1.89193524227076,4.36997391929335,FALSE
-7.76323872010975,2.02938946706821,0.326330364007408,-7.79418984778586,FALSE
0.944359128117763,-0.168383998069165,-1.408258314536,-0.7769569888125,FALSE
0.998450078486961,-0.611110949459781,1.75153818569326,-4.02874949823064,FALSE
9.83428854313021,0.101087142433295,0.577625839116291,0.749988177252292,FALSE
-0.572490837272385,-0.722033554972691,-0.71543843920096,-3.02396300813221,FALSE
0.903748783947834,1.23624884562705,-0.831425424419524,-6.38396413220898,FALSE
-0.853339814580262,-0.460137947853628,0.112605430278708,1.53310338244526,FALSE
-14.7050749057997,-2.53475021270649,-1.0456302292889,0.609847041541497,FALSE
1.7432672573559,-1.09617684607266,0.575123027890242,-5.96942300443078,FALSE
-0.835433622850031,-1.33858387213071,1.24320625684097,-1.8464119983514,FALSE
0.925188108535956,-0.508786753904229,-0.156459516300199,1.36122202388237,FALSE
1.7755080882342,-0.612143682493184,-2.40116716220622,0.698203256285321,FALSE
4.13689610804317,-0.688738865606823,-1.01723363543318,-1.67912940593276,FALSE
-1.39362781518612,-0.280703184650286,4.03867879543459,-0.0579751682479027,FALSE
-1.88334638503011,1.10034451585077,-2.10801128642601,-0.970709144265759,FALSE
-1.19328023193924,-0.256675802563231,0.465296641272607,0.514702156240916,FALSE
0.566547027793733,-1.70944536297267,1.50013498218192,0.840081250126451,FALSE
0.160487113744464,-1.85713052012495,-0.399047055427339,0.0397336879743005,FALSE
-4.29038692365308,-3.26496251085331,-0.245371281177108,-9.1078044495312,FALSE
0.374859741190745,-0.237344398311763,0.634332835086849,0.17877458965995,FALSE
0.0495687847002838,0.340749344282846,0.647610811503578,-0.254455206596646,FALSE
-0.841956697046614,4.63154165085782,2.32201626029795,-2.95117090162247,FALSE
1.11051844959935,-3.5054831975531,0.0570617156268904,0.421283141561611,FALSE
-1.57347931805647,-0.281871896396297,-0.742326462332066,0.469163819949507,FALSE
0.837937324600781,-1.44129114374733,-0.627363126934276,0.157634036878491,FALSE
-0.0810961637883555,0.19496831478181,6.73328325349997,0.183854177909679,FALSE
-1.589101327656,-0.0538653075469599,0.101592274891214,0.00278231059359446,FALSE
-0.818691361961599,-1.04426345716838,-3.5114273667764,0.85103229876661,FALSE
-1.38310440804193,0.759818811448175,0.153454252994569,-0.387132206970104,FALSE
0.0327061149659918,1.35007253566917,0.536209843150899,-1.2982324565769,FALSE
-81.4659131617925,3.1303885825244,2.80901273112924,2.13647294246311,FALSE
-1.12669707799201,1.40943117608063,-2.37600971010073,-0.102022938899849,FALSE
1.6882195824226,-1.59431455968165,0.744515166337937,-0.36967117385551,FALSE
-0.632421828126519,0.486948789414762,0.984538502079923,3.64554797399473,FALSE
-0.378474744484749,-1.01444101777473,0.977228349987307,0.96212205124261,FALSE
-0.486114267006597,-0.453974578133031,-3.64131577897526,-0.637513624799848,FALSE
6.75892063014736,-1.49879380665204,2.86085308272818,-0.282164107941747,FALSE
10.7155709133241,-0.529144851371171,-1.96534988616619,-0.785276786118966,FALSE
-20.8707917587961,-0.473847975929901,-0.34865248546845,-0.645865585498806,FALSE
0.565580722067814,-1.24349627060132,1.27198955509605,1.30470623179326,FALSE
-0.381756246501525,-0.41501253856966,4.58943942023858,0.605056110796036,FALSE
0.729632176917782,3.74248921845391,-90.4448822102072,1.27239126870591,FALSE
-2.22291983522054,0.166085589674884,0.0170946103679744,1.0753149262122,FALSE
0.139914379086995,4.55097009080684,3.19331205558918,-3.04213204085753,FALSE
2.33194365040875,-0.432824020239767,-0.159793276073959,-1.51585782995893,FALSE
-2.95607993424849,0.0296341759358268,1.01672508207357,-0.536580713452251,FALSE
-0.149941300895849,-1.18927980790892,-0.574411688359228,-0.84867104822408,FALSE
0.80041821391273,-0.111789226508409,0.11284104762215,-0.866990371129169,FALSE
0.631513306875297,0.878677969913362,-39.2844047492965,-1.75159639075093,FALSE
-0.444082534096546,-0.186116550643163,0.474679773739108,-0.827119274962008,FALSE
9.06177720480691,-3.08907551098845,0.012592070867515,-2.10841948679404,FALSE
0.864717257457373,1.57525872431234,-489.93598915291,0.565733355452349,FALSE
-0.30203831531247,2.27274553654328,-0.439557863300573,-1.43953823993125,FALSE
-0.0878981364925204,1.62165805701361,1.10066466925832,-13.0752633507315,FALSE
-0.1319027361371,-0.598009779336829,0.757570476107981,-1.02338766406825,FALSE
-6.62407870181606,0.257702665500441,-0.292609892937402,0.128928219375018,FALSE
-0.0480597410882808,1.02877550541496,-0.139563037574234,0.373690973419775,FALSE
1.94029434851179,2.7537650698826,0.699945285048082,0.191206031164138,FALSE
2.43807038993478,-0.983093868902436,-0.71557260819161,41.3699909576687,FALSE
3.90952957277625,-2.28497378129855,0.842194711877375,-10.1329397515059,FALSE
1.22920028239485,-10.155881748937,-1.31844482707327,1.7134382878488,FALSE
0.21207497878855,1.39547180964357,-1.43443369911606,0.138409965716218,FALSE
0.256117374234401,-1.34847138841366,-14.2229718935104,-0.511651575038541,FALSE
4.66573507733132,0.534233045650918,-0.0963700819591633,0.0659598797463504,FALSE
-0.0366752629882397,-0.682484540549388,-0.179683693095846,-4.24813206766061,FALSE
0.370679781114077,-0.648167241001915,-1.03509187508522,1.02857426642599,FALSE
0.829373628001416,-5.72108502653059,0.240500929106396,0.569747678060248,FALSE
0.828937749220182,-2.08849651288067,-106.898530712217,-0.466182835559119,FALSE
-1.99122123801754,-0.606597713155515,1.07281906621595,-0.109862134766201,FALSE
-34.2888787158654,-0.788632580449779,-1.00380076220812,-0.208553724507599,FALSE
-1.15272023014203,1.02190575301737,-9.17118404390519,0.352606142328598,FALSE
1.53226906891354,-0.400240235712203,1.06058266200639,0.602098522977489,FALSE
-0.52522264963479,0.725480495474979,-1.57922729154898,0.579393521926891,FALSE
-51.7010580629509,0.0934793832135578,6.42419682900103,2.68312060244333,FALSE
-1.54780636677792,-0.0283780121418743,-1.79549582439646,0.739796851386763,FALSE
-0.176403163374685,-2.93890658461898,1.35779923318241,5.50942533416917,FALSE
0.0453005487095867,24.2696970654173,-1.14604508362047,-0.00905189629896351,FALSE
-15.0758568730688,0.419497151817265,0.167955179639922,0.0073094291929346,FALSE
-0.614359174772287,-1.04963794883919,-2.76827745284755,-2.95375895040443,FALSE
1.66751877995398,-135.675995844586,-3.57179696793662,-0.230803350943782,FALSE
-1.5459361811968,0.953769693915259,0.394997935854454,1.0742623386724,FALSE
-2.57905582376578,0.667773603167535,-2.25796418954356,0.219876818519075,FALSE
-1.9349407065863,1.70155545450673,0.317269155118353,6.12797729690264,FALSE
-0.138395271004761,-0.549357866558453,-1.11943136388517,-0.417452619556067,FALSE
0.901423653326279,0.915940684677827,2.41338953971599,4.82996263476399,FALSE
1.68709045092423,1.27380214809623,1.5447440690619,0.7709151589383,FALSE
-0.557677702753338,2.82378908281743,-0.720875177510276,2.52904047064235,FALSE
0.490015217224779,-6.13822095632991,18.8917417181866,0.137663440798335,FALSE
-0.247486269006236,-0.65634400159579,-13.4971070048967,2.39207312979982,FALSE
0.279977284335749,-0.806413829032022,-6.64925005101865,-1.45827776851002,FALSE
-1.51129805376928,1.07276447804282,-2.76991498932683,0.705353793498746,FALSE
-0.101977546749208,2.10232489915361,-6.24805304359329,-0.841955042069376,FALSE
-2.18641333040345,10.4586347362651,0.733338067112526,1.77760604041421,FALSE
3.92108278449658,-1.46344981384931,-0.851788559092909,-1.24935856708974,FALSE
-0.702156184966709,-0.717128633703835,-1.04305033707589,0.464668947865637,FALSE
1.06749310504701,-0.9178836760253,-8.61389932300893,0.564019369224979,FALSE
-1.8586547571226,-1.12425570759368,0.649637425885964,-0.425157803187107,FALSE
-3.76920679465898,1.89405305225647,1.94410156189486,3.06102574773303,FALSE
-2.07069212136767,0.0735797792502313,0.0662236242574708,-51.7102897017952,FALSE
0.0793578397551609,-0.240162076144796,-0.819253658786009,1.81200984066228,FALSE
0.204981611111434,-1.09087358007953,-0.289344213945507,0.750402599096606,FALSE
-0.0602450254395106,-11.1570457523782,-0.663878480559265,-0.229394762729399,FALSE
-0.19269609353963,0.0816705219028338,7.98217238646893,-0.681119429224092,FALSE
0.71263928433299,-5.49926660807915,0.370240591060409,-2.05252659181404,FALSE
-1.45742144940762,-1.53860410246552,0.301894136392741,2.13936463951587,FALSE
1.68883720832179,1.36010114701145,10.1524444129813,-0.0170405200435191,FALSE
-1.60282866244757,-0.118810265101628,-1.492092058534,-0.333422954294737,FALSE
0.232559775319863,-0.390345359119937,0.566084828891685,1.94080517797322,FALSE
-0.0594906451664737,-0.667266896894385,5.78458779871313,-6.15709828632816,FALSE
0.418144764619,0.0763937663481533,-58.8056908066055,0.77716198149479,FALSE
2.50669029534633,0.451433980272834,14.6781039728763,2.43165211259975,FALSE
-0.49655701254997,9.56098709918076,-0.20825644709629,2.93818891498912,FALSE
-0.59332705908664,2.55107168201688,1.06191778645606,0.207917242092479,FALSE
-1.68038627463374,4.82215828907486,-0.254760314117853,-0.061778058329813,FALSE
-1.3502497090335,-0.737146803859534,-39.1222651352755,-0.151107326755149,FALSE
-0.379397653593028,-1.23357553752137,-1.88476760361022,0.299617207743592,FALSE
8.32345308195933,0.0250956902387656,2.87373987752521,0.164337082614251,FALSE
-1.37372490060755,-0.0478404183460994,3.45227131676277,-6.10612684118418,FALSE
5.57602047911526,-3.02631810345161,1.55816732421261,-24.6932284820311,FALSE
-0.290095141247273,-0.611948529991051,1.11501503326546,-0.948539789954643,FALSE
0.390123142336996,0.0467255312801998,0.0511631641384974,2.49786864334221,FALSE
0.177060847709247,-40.769004889861,-4.13279766493627,-6.69718735681688,FALSE
-1.31259777992081,-30.4837737515877,-8.1702797722721,0.157664107113978,FALSE
-0.438363965289433,-0.683939126016534,-3.01455721785785,-3.53271776574498,FALSE
0.0154375442191828,1.23242394769175,1.9969494324135,0.749659079838544,FALSE
-0.94969451671997,-0.155311778509712,-1.75907656672018,0.43999452419963,FALSE
-0.816844365582616,-2.80139065992682,-1.71633542762034,3.37700502173735,FALSE
51.0798403203955,43.3007838406498,-2.88641367089817,19.3425212280856,TRUE
-2.64099914174767,-2.94992754958915,6.86538304146678,0.25466090518414,FALSE
2.0587755849729,-3.64477315315533,0.66883270542301,0.354069522443635,FALSE
9.1773078040244,-0.665358067591873,0.314452114472926,1.49417496399131,FALSE
1.36681255049184,-1.93803834238924,-0.285702149046404,3.74657366866867,FALSE
0.227736555439865,1.35362302442828,0.236398821350437,-1.1124170293251,FALSE
-1.19004278063852,3.24878816510551,-24.400730615596,1.14849242870398,FALSE
0.468127585939265,2.68044055807192,-6.73528224002777,1.66134255149657,FALSE
-0.828217272829766,-5.7405004236056,6.68733234916508,0.151166942973647,FALSE
-0.490236231658595,-0.0316035589386125,0.926393803723518,2.43895516910273,FALSE
1.88070785348316,-0.988868940363898,-0.131317066602187,1.29163059413148,FALSE
2.11309616301019,-0.777642459056771,0.208634428253615,0.828581875413493,FALSE
-0.195508662497002,1.25356069012336,0.400931952783903,0.379053486058425,FALSE
-2.17719628425171,0.74963891436543,2.65481418877798,1.0281127794339,FALSE
1.80008560695216,3.5601497901362,0.431096919068966,2.59626197031205,FALSE
-28.2280054688276,-1.13144486712123,0.663885294699586,-4.934586488083,FALSE
5.00001539568579,-0.0413036605487219,-0.85698576196886,-1.18373235229104,FALSE
-1.55503724744061,-129.028770731464,0.978379717907536,0.850181082741065,TRUE
-0.297164983471508,1.70789764954672,-0.304443840016859,0.223431989588598,FALSE
0.630253351485922,-1.43495125681229,12.4619508501346,-0.266410965315128,FALSE
1.09444585994049,0.208402850473987,0.165636981221219,0.0921979321170567,FALSE
2.01752175296711,0.509671007327483,2.88263643425316,-2.79101974041586,FALSE
0.0956159228752556,0.343417918676618,0.310710742082769,1.70520310454672,FALSE
0.110174424549327,0.062240632567665,0.00134145864747372,0.354649740341558,FALSE
0.29405890508853,2.80108822304605,1.59537738602791,0.390535149381807,FALSE
-2.68316386181336,0.389638592233033,-0.49601190712345,-2.0919682959465,FALSE
0.0619783908192245,-0.0293492452008625,-0.583527346224401,0.244809182543486,FALSE
4.15394063050643,1.38440362325682,-0.319193033195124,-0.465002063749875,FALSE
0.257575660081825,0.129127481982852,-0.0402439924620906,1.91561659165189,FALSE
-44.668784169458,0.409970437515309,-0.352275966426594,0.133455208742713,FALSE
-9.04013135741287,2.60350270207053,-0.316541893236958,-57.9852089864924,FALSE
-1.04963716172317,-0.138769602635391,0.0901176190114282,9.91820724850059,FALSE
-2.1310278613495,0.295544258898537,-25.6673297047834,-2.48732155820286,FALSE
-2.4841993733955,1.87505969479446,1.67884682963264,-3.31910772725372,FALSE
-0.4754750739437,-0.978705429829074,0.658660798928631,-0.823104026406308,FALSE
-0.150736598975371,10.2007524537033,-0.352920763578518,-1.16773249662132,FALSE
-2.47196680792555,0.104731473374749,-1.11893862761013,-0.564205528486448,FALSE
-1.00375355287447,0.971131707139893,23.0313380935654,-0.0946048165096695,FALSE
0.377268712663565,1.27865138795957,-8.84160061850977,1.20470752802951,FALSE
2.79664619841202,0.9444119720931,-0.688813965051933,-1.99053461729655,FALSE
-0.264295283573089,-0.100626290070079,-0.0632271338695237,-0.527033608115728,FALSE
5.42247632769153,-3.82112133546638,0.280929849440925,-0.10478351841129,FALSE
0.211618592136134,-2.11842017205696,1.6131049474568,-0.439080459636855,FALSE
-0.140497661602394,-1.78140938537747,-3.64994530952312,0.751658566684587,FALSE
-0.179105711002078,5.55534558262762,-6.22810157977393,-0.829642522566505,FALSE
-1.56153397374854,-0.484953060654947,-1.65143745631293,0.285093182887778,FALSE
0.174639755008993,-9.32153035786067,1.92834422665428,0.689305223927094,FALSE
-1.21176853523133,0.900807855546582,-0.375019057513591,0.665845415374,FALSE
1.66664672489511,-0.126323194221297,-3.26287207308814,-0.16605529814416,FALSE
-1.01710335107093,-0.684842251440874,-0.405341023517852,4.93434099589882,FALSE
-0.188252714383088,-0.617180197399425,-0.172203236087882,0.766152051163923,FALSE
0.816840981437139,0.265158478883484,-4.12643711244868,11.0524576552359,FALSE
-1.04989996987616,-1.18381612704573,-1.44278908518172,-0.206704340334584,FALSE
-0.404489113602405,-2.48611284668818,1.27270598197036,0.953935453695423,FALSE
7.0766412308429,-0.212367884812342,2.8762436960212,-5.45584918867003,FALSE
0.0778593701418253,-4.14426274173904,0.38906544497753,-0.998714791043456,FALSE
1.12665106530867,0.134678122537774,-0.682194598524863,5.7538776707411,FALSE
-0.832024341583987,4.82442429342538,7.030899783454,-0.549087416734308,FALSE
-1.25930068584234,-1.44378738251708,0.209588306498096,-3.43270499949751,FALSE
-0.037458053916573,-1.41155322533771,-0.516198945048378,4.94889626513121,FALSE
0.0535425681480313,1.01728591795486,0.527202496728775,63.8713693055114,FALSE
1.5389910658134,-0.652543866766851,0.97429392477934,0.719946275634957,FALSE
1.02608083359868,-0.388166221219994,0.81890426461422,-2.40802404397084,FALSE
7.74894654447948,-6.62210563540231,2.18495661310537,0.00338182598693538,FALSE
-9.39529165788912,-3.9322132849644,0.488284470133215,-0.365674403367679,FALSE
-2.06050580225925,-0.605123500621165,5.36170748033327,2.50980233679328,FALSE
-0.248046329539496,0.364053699891624,-4.02198591759719,-0.42297882406114,FALSE
1.34216715910334,-1.40500653279854,-1.74906550603465,0.718008597365423,FALSE
-0.669423770795281,0.090821782494004,-0.400741997983027,0.443023652189327,FALSE
-1.4344837332375,1.28526016512817,0.218621272062594,-0.560014166875132,FALSE
0.68385954398827,10.8141239566819,-1.79918355096841,2.89423547141609,FALSE
5.25676692484671,-0.82698420205158,-1.27430908687288,-0.873137461956755,FALSE
-0.471372584177112,1.03835188048011,0.210707415477592,-1.84643738398516,FALSE
-0.647621560380344,-0.873612444918225,3.32223176931217,-29.2765666689611,FALSE
1.49722248024243,-3.52598980134529,0.0498427087666513,-34.9599837724658,FALSE
-0.0392256634376085,1.19125224628788,-3.63619523801353,1.50380237530014,FALSE
2.83103866383195,-1.51121037004763,0.0975104401375884,0.681278914262198,FALSE
0.381533177295909,-1.10287055358196,11.1009400110582,-5.51385035505119,FALSE
0.0553903819963017,-5.12647271836855,-1.15175169941123,-0.601472420212977,FALSE
1.78935218474542,0.0954868492325175,0.156294376187513,-2.98238841209178,FALSE
-0.610816626194971,-0.981035654365236,0.0587203976135048,0.686349686403523,FALSE
-0.787635259765997,-5.66569726840065,0.891079149628562,0.344664974902422,FALSE
2.42773621757302,4.01642791941333,0.351656646672,-13.45027499502,FALSE
-1.46334554881925,-3.25226770530458,422.992160121065,0.191615551312889,TRUE
-2.83750813536828,0.289814425461201,-601.791157639611,-0.387783959501929,TRUE
-6.6394938049404,-6.61591525349889,-0.950006159496442,1.10717146749521,FALSE
-0.478551974923535,0.0239652703543597,2.96805185022632,1.8228951958952,FALSE
2.06971495552521,0.0696206131058079,-0.806226856967289,-1.11108161381205,FALSE
1.42724527428318,0.514693762529209,3.47391628001364,2.54569487004523,FALSE
-2.967320328864,2.03040206729188,0.520456514048852,-11.0440043586955,FALSE
1.64991551847328,-3.08237434337083,-1.34474722864828,3.70162757645163,FALSE
-2.96289730621474,0.547061333679134,2.02780438011662,-2.86639698073318,FALSE
0.992091361992128,-0.0169979953301945,1.018574793442,-1.99557691982657,FALSE
-1.07058081376735,0.429036175954045,0.873524208269523,-0.345152124561947,FALSE
0.0473919300566788,2.84103366645411,0.440973385411186,0.0765506143574758,FALSE
-2.51158113976046,-52.4558131553413,0.999563772529306,0.593982011824027,TRUE
-0.462209582825845,-0.208938285212501,-0.708538172020773,-2.81440798100567,FALSE
24.0744459945419,-1.86332414385483,0.996323885017918,-0.612944760118876,FALSE
26.2969857075627,-0.195007433855237,-0.503290160937584,2.64915775318531,FALSE
0.272233663769269,1.3247643458807,0.570882533590091,-0.374998284484164,FALSE
3.03380381521521,3.87992590776423,1.24352905488112,-0.931074437709598,FALSE
-1.09907861059399,0.80771001893699,0.839342440430671,-1.30820500225522,FALSE
-0.166847377905626,0.226188951817574,-0.827291821516237,-2.0595057465685,FALSE
-372.154659508624,0.0164408811099933,-0.56516204561056,-1.48748042594706,FALSE
0.113138551841567,0.0250038652672632,-5.21274772533447,0.553161632437151,FALSE
-2.72538678102434,-10.9391131647894,-0.396767844684509,-14.5281382539291,FALSE
0.362445491924195,-3.85708453203305,0.885822087564423,-0.125811655106305,FALSE
0.542515731155839,-0.862559435531348,-0.272277695470511,-0.58550646101142,FALSE
0.537764516100818,-2.64396672871101,-0.227393727520243,-2.19934390548708,FALSE
1.12387330841388,6.18491152059999,-0.376213600469745,-4.49426434154546,FALSE
1.23880740221971,-0.472415734638608,1.0933215602487,0.954195679979077,FALSE
-0.744846258280354,1.49988932951389,-29.5991269755749,-0.384544481964596,FALSE
6.87326192713516,-6.42972161802048,-2.62005610635991,0.383116799166872,FALSE
9.38280884524736,-0.642274376737495,-0.930007846962185,0.245614008642276,FALSE
-3.89040075839321,-0.465240031220232,-0.517512090773532,-0.421890751146602,FALSE
1.71396635860051,0.100806276510924,8.69856842716386,0.00481926470071595,FALSE
-0.95937622037522,1.71951494154629,0.645702127723333,-1.44350190964767,FALSE
0.374760609592604,2.48511672039235,6.79436449063201,2.26932705520839,FALSE
-0.20339042102194,3.20361533494675,-1.71045236065346,-2.09691345606802,FALSE
0.52426061908707,2.45362279271054,0.433214039887069,-0.0796671346817468,FALSE
-8.35779756049156,-0.666438457028576,-2.53056941072685,0.764153161170029,FALSE
0.573379463618244,-33.8719963079223,-0.422222969017156,-0.731965034613784,FALSE
-2.75772508196477,-0.925261152440362,5.53934712050334,0.55292485744862,FALSE
4.91276394076253,-0.389811966086466,1.60840184884257,1.03516532948313,FALSE
-1.01399920769959,0.914549341278236,-0.278575904901516,-0.696136168732766,FALSE
-0.374863196631397,1.29077235632396,0.62852221274579,-0.570930425600959,FALSE
0.463400264655557,2.87816769296945,0.193786882721708,-0.657888379494689,FALSE
-11.93500632783,-1.17264052671838,2.53946115091437,-1.4153580915892,FALSE
-1.33380226455316,0.442980961392804,0.962731191627964,-0.0574079477666552,FALSE
0.673940915645119,-0.987173386159872,-2.90499212412775,-0.0958605096451996,FALSE
0.167063216111774,9.56696891622821,1.69593909107849,1.31967240641766,FALSE
40.0492769525861,-66.703494013214,0.340215479501652,-0.649539949944684,FALSE
-2.06353916007933,-4.56718955196775,0.0286158027352643,0.247302103675371,FALSE
-2.3400441035231,3.79945461184612,-0.191451757052455,3.18349071741859,FALSE
14.7003976884699,-1.1231191298563,-2.20636428651272,-1.31225394414615,FALSE
0.61722962171163,-0.881614870404541,-0.00157921187040389,0.515516295879373,FALSE
4.48869040942718,0.447920116820294,2.35971067931737,7.38787033868428,FALSE
0.428791502685667,31.0126458742728,-0.244268940355271,-4.7404512550376,FALSE
-1.51860587749579,-36.7625634627119,0.228748135948709,0.742265039630066,FALSE
-0.465541599809923,0.114184854371688,-0.257822740663445,-0.774387844448582,FALSE
-5.94823109583055,0.416194640256684,0.970762721548938,2.67254065448153,FALSE
-1.40908607697543,0.109494996382797,-38.5112009895175,-0.0799408113785937,FALSE
1.19518906299374,-0.179677938674318,23.6253427280933,-1.51108111527894,FALSE
-2.6388168974079,3.02271345568127,-0.362994687645035,-1.08324353212541,FALSE
-20.4837077788297,1.00762562019614,-0.0649267358594054,1.96325238256392,FALSE
1.26305737680889,13.1215367014579,1.22386260741902,-25.043786734148,FALSE
-71.7463910679408,-0.784857850039407,0.9176573679853,0.767746116342926,FALSE
-3.79311789752354,-0.552333063161845,-0.7486940392528,2.01169267391569,FALSE
0.577577629367811,-0.0521149163718762,1.73326221419112,-2.38147489440592,FALSE
-0.358989605450364,0.576284395603596,-1.97671703198024,36.8413535396401,FALSE
115.822152263756,-0.51977257907166,1.14071920793224,-0.545964762608971,FALSE
1.73532161140405,-1.98888004734086,0.370064844094297,-6.71726659797876,FALSE
-0.144367375684616,-0.358118725082505,2.07292722249565,0.70214517243462,FALSE
-0.295456669158639,-3.67646352440982,-0.440772623028749,-2.26903607855401,FALSE
1.44794662472919,3.8445122682932,-0.0867928542416639,1.58610313639718,FALSE
0.841403327600705,0.576215928972759,0.759083460477496,-0.114445303569344,FALSE
1.39312995657988,-1.19146728136853,2.44676539787548,-0.288213196833794,FALSE
-0.35617643017821,-0.215208185989502,1.66939469177298,-0.467785260908848,FALSE
-2.53092026754858,1.10458684481855,-0.519422985617172,-11.5054637206089,FALSE
-1.14324461990518,2.27843713241495,-0.72247043658975,0.311864291465754,FALSE
-2.77436766855462,-4.75811325903907,-0.267684396120188,-0.993661744464302,FALSE
0.752713301289784,0.140739465096144,-0.594525293604766,0.894643836406659,FALSE
0.304104422875561,0.368654798673205,-1.19043635268729,0.955338228549189,FALSE
16.7316986532629,0.227144188448305,0.699219746319384,0.998365082352475,FALSE
-0.684195168799473,1.59965956386573,-0.982716406079979,0.902326097561188,FALSE
-4.62632700386325,3.62662951829586,-1.13559640368505,-3.74974223177905,FALSE
-1.79963210216638,-2.63666910911203,-0.904049210434084,-3.09855657326899,FALSE
0.360995451132934,-0.413127179049379,7.56753917865945,-0.673173679070064,FALSE
0.227734975102282,-0.54716632539066,-1.88703737722716,1.79107333429554,FALSE
-1.95130516333657,-1.08664629198364,0.856779124607569,-16.2446086519784,FALSE
-0.259632322325039,-0.328320368381296,-0.217477806211036,-0.152733609737609,FALSE
-1.4898150165987,2.79886394519247,0.0087652564458177,-0.226280352101667,FALSE
0.710011742283814,-10.0049910202653,-0.585848409678576,0.0728366953936266,FALSE
-0.0395224888918106,0.128361241918503,8.06050649588931,-0.33013756102569,FALSE
-23.0969748670492,-26.7708366648883,-1.67987543599709,-1.72324335591475,TRUE
-0.662014152035963,0.526289867046499,0.699065544409526,0.391365937945923,FALSE
4.68550487840118,-2.50788494189296,0.697299446707609,-1.00336655972072,FALSE
-0.786630074231789,2.49084257705515,-66.9645410484623,0.376694157522526,FALSE
0.0506669129106002,10.7579542711737,0.0754074981593045,-1.00518534223002,FALSE
-0.083343809002134,1.4098620317179,-3.43642251418951,-0.0721245916797271,FALSE
0.561067078759578,1.20488428516232,0.210458811708759,-1.9174214656595,FALSE
-1.91328628307281,0.877191822189895,-0.854972516215495,4.60820595774869,FALSE
1.92584488775897,-33.6881224751844,-0.540645077738465,-0.308118000767061,FALSE
-1.08879378332043,-4.11841676434311,-3.73585121433876,1.37617111573991,FALSE
3.46305163197273,-0.7077684404612,-12.9474273392378,0.645165856942709,FALSE
-7.74814144793095,0.401785133055855,1.04295170889311,-0.260236613932853,FALSE
-1.13819707732622,3.74917980197026,-0.0168684175219078,0.225660627991089,FALSE
-0.534297516456621,0.164702081687838,-3.09681149678439,-1.05446432708834,FALSE
2.36868817329917,1.64296623572949,-0.183548265151193,-1.75625687934514,FALSE
-0.368007406058208,0.567520560167624,1.80330003203383,0.404003365705603,FALSE
0.0757069250900014,-0.334900158635627,-0.655377802858278,-0.882399350611898,FALSE
-1.45400815458572,0.972306443696577,4.10065039485662,1.1707452824588,FALSE
0.562164777516825,-0.390798207559678,-1.05946988109718,0.602115652178284,FALSE
0.641478158318601,-1.84236800973191,-5.97362796888121,0.708322815979622,FALSE
0.31446455229876,3.80168208673536,-2.06912944908074,-10.9756902259922,FALSE
0.0440194394824755,0.436689561530116,-3.19440409203414,-5.31811611917777,FALSE
0.638823469513739,-0.836699142822843,-2.65133975314542,234.932344782336,FALSE
-1.69693101324813,0.187616925322369,-0.310968433895898,-2.65678778393162,FALSE
1.44839173078105,-9.85733481203309,-4.25328325367271,-0.340480256052749,FALSE
0.516041915918365,-3.33368861471169,0.606007244305837,6.22218290692593,FALSE
1.08369643762187,9.28588910726335,0.114275107853943,1.52558623343079,FALSE
-0.926716107158991,0.0744081160550447,-0.292666076235061,-0.782489098731245,FALSE
0.394758243484664,-1.45452404683127,0.646951912431111,-0.565901295811983,FALSE
-0.517113993593508,-0.566354533993317,-0.10462953757171,2.44443002684487,FALSE
1.67749049593973,5.26642720409632,0.599989943512861,0.922944880417763,FALSE
1.24119094557572,2.35605977166056,0.943427317074436,0.0237007555328268,FALSE
0.166437002443869,-1.40354300033565,-1.23053275355791,1.37036880374515,FALSE
1.71716488772859,3.45353945889953,1.49328333222878,0.277705890566722,FALSE
-5.23040261080541,2.63385946489947,-0.42383659288823,1.76473377557518,FALSE
-0.539051647620754,-1.77113837789281,0.699428036027358,-2.90712819012394,FALSE
0.586362140319523,0.914821021147243,0.473252319335934,0.35896559520932,FALSE
-0.375654202786572,4.067984735435,-0.991879968460592,0.118814043752154,FALSE
0.605596432781446,-6.586873842404,-0.949726629758336,0.0830883079743981,FALSE
-0.214646953126815,2.86742252402942,0.275411959922033,1.8249976771689,FALSE
-1.05566342062333,0.346927870327731,0.88910983843337,-1.09498438141627,FALSE
5.05060975408392,2.93661471029812,-0.447536031629739,-0.0134580517291217,FALSE
-0.881034055126992,-0.143940874317353,-2.25314814480825,-1.16630575037313,FALSE
0.611197578791948,1.28918223155124,0.860219216686319,-0.261662952463,FALSE
1.79948014499921,9.50428250977509,0.63246674320504,-5.19420015580262,FALSE
-2.16410812700444,1.70507813636387,0.701202529807156,0.865918921045844,FALSE
1.80477598123468,1.32123550809237,-1.0970082362761,-0.164820198986847,FALSE
0.322103863178618,-2.36277382625709,-1.29892351567048,-1.58401696644252,FALSE
-1.2837590579503,1.05729276533158,-1.78935779684361,-0.352746072792371,FALSE
2.85073421536698,0.811856337736397,1.46604166891635,-0.295647866410134,FALSE
-6.33232028774888,-0.602193741976134,0.797502135154602,-1.71361144252443,FALSE
-5.04024629236837,-1.38709570436669,-2.66053357662651,-1.94150995125158,FALSE
1.20286392081055,3.00401320534613,0.507374340718391,23.9457712267505,FALSE
0.674737650384309,-0.0930140178662821,-0.128557845238056,-0.657698825245317,FALSE
0.3015887631295,-1.09155156928748,-0.904492571301037,-26.993715313536,FALSE
6.51085484981799,-0.180005526404548,-4.61473182059773,-0.271240558485891,FALSE
-0.521389403781054,-0.461441868108209,0.847355645903583,0.782158721773344,FALSE
0.70848802767676,6.01500941455139,-0.151415530656507,0.335787248584279,FALSE
-2.0313361349041,-0.529411071585222,-13.7317226909895,0.0331753586399647,FALSE
0.53865046500921,0.181898845744022,-2.76510698713039,5.52008903851345,FALSE
-0.410191789486128,0.584161783120169,-2.81762980807881,-1.19307110548218,FALSE
0.636255138776956,0.831140959927471,-0.295071437520715,0.468373534269119,FALSE
-2.86506818026021,0.179598871477166,-1.92505033086415,2.32450558293247,FALSE
0.0592691865911283,0.46295220724545,-0.773105570981865,-0.880785826968315,FALSE
2.00109394112231,-8.0653674699001,0.429614206726574,-0.012290488248819,FALSE
5.63297629438818,0.883854225923589,-1.91225935086989,-3.25666382125493,FALSE
-3.36857266880261,3.40943767808422,-1.13737135215377,8.78948231982049,FALSE
-0.314057124907388,-0.650100258898105,0.380567100892844,0.460947692334452,FALSE
-2.54513442062043,-2.08108478969121,0.151384818242226,1.65694728833445,FALSE
27.1594149614713,2.18525127525212,0.516155286261521,0.233920689003439,FALSE
-0.627704658627276,-0.176757458888492,1.07326035514045,-1.1315628143067,FALSE
0.0397794874118951,-1.19054547124578,0.00467818281975282,0.812551378978246,FALSE
-0.276413989757434,-3.54938763437966,-1.36746676208027,-0.0997767742731866,FALSE
-1.31344627805815,5.0112027027426,-5.32216603689742,0.787298049661356,FALSE
-4.82204152559108,1.45391550868622,1.12459691038481,-0.0772096068198987,FALSE
-0.741194998381159,-0.788193300655499,2.67773834061011,0.917057868308628,FALSE
-5.32765348080072,-0.278040269187704,-0.0605027026556232,-24.416940657929,FALSE
1.46541024156076,-0.465261496499726,-1.79439474885189,3.10644711809458,FALSE
1.80213688103201,-5.5472439037916,-1.43209134255616,0.459334351474261,FALSE
1.16276968073872,-0.735561631297201,10.2135202420113,-0.650742749051622,FALSE
0.907068915311878,-17.7883963537091,0.614350106958967,1.65083570364798,FALSE
1.41581288910579,2.60389735196405,-0.989184960790502,1.33687691488679,FALSE
34.3983074270102,-22.0655738297982,0.615837557187208,5.59581192516522,FALSE
161.763477868289,-0.100388748199792,-5.24150044555256,-0.335496837398025,FALSE
0.603856177472704,-0.534040981339746,-1.27111420575899,1.11580873584858,FALSE
8.18544894934899,-0.31483044597913,0.73123706566312,-2.26779159628618,FALSE
1.79754153076912,-0.911003138336717,-0.384047572413326,-2.09204081058006,FALSE
33.1893858769282,1.34275116554761,-0.105351055826152,14.5576480640006,FALSE
-18.9069614424035,0.614505277431668,-1.11500180480583,-0.940649519844626,FALSE
6.2270832404292,0.671631823163114,0.371359797929446,-1.7907229509536,FALSE
-1.77198427139624,0.282157836981572,-10.3258334332189,-0.957945518318575,FALSE
6.01232699702593,-0.0988712893170624,-2.00821221527331,0.623333777328075,FALSE
-30.5966808404848,5.06325613891405,-1.00895584488833,0.67457401634205,FALSE
-1.63193420641597,2.8721625415308,0.471440131751865,1.32242953352067,FALSE
3.49389658887475,0.0890396357834991,1.52171881181064,0.1206808189451,FALSE
0.256127602070001,-1.20153800606504,-60.4796312499413,9.29068964754162,FALSE
-0.900087669891725,-0.0502738778423576,2.0294306620461,-0.502706674518451,FALSE
-3.72287858994814,1.22398419686349,8.26111255195923,39.1116501210218,TRUE
-0.263668431278641,0.362991620501427,-2.24245264253788,-0.204047002438642,FALSE
-0.859116141921367,2.41116203048433,1.45677100046656,1.27158791592892,FALSE
-0.218541146561875,-0.378107264507146,0.447048388757237,-1.71491051869285,FALSE
-5.72657917781172,2.45228157000456,-0.437731551067396,-1.28504601162262,FALSE
-2.02525087751205,-0.283321184135481,-0.756333312192354,0.734242620929165,FALSE
-4.95141079210537,1.03087721725975,0.908997636229709,-0.391845325882428,FALSE
3.28197018156792,0.102662499033341,0.776232006983381,0.861713510674867,FALSE
-3.42810638452381,0.362276087058638,-83.1948724188751,0.574925845294519,FALSE
-0.281707467407046,0.296046474479087,0.255308021632825,-0.207382023910815,FALSE
0.404890440178514,-7.27529489214215,1.09766420315898,2.70336717019963,FALSE
6.03200742222229,1.9144620164847,0.438687362988549,2.45111858029014,FALSE
-0.709261766220225,3.33744454880789,1.44178854036207,-0.714336386322349,FALSE
-0.186814354588329,-0.164693854950934,0.234228390038827,0.138688996712734,FALSE
3.22719350436867,-4.88089653071589,9.25562943906485,4.60627299247187,FALSE
2.05510242226499,-1.57674191207564,0.0975806940571345,0.165498910735401,FALSE
0.0689103602266221,0.707635632455091,3.8673079914407,-1.4168240367795,FALSE
-1.05217800720883,-0.144484961876179,-0.406221431436036,-1.37760541851476,FALSE
3.43974094676242,0.368735316135425,-0.00359840413853546,-0.939896088599975,FALSE
0.0738279391865633,-1.43683489432399,-2.33862061209591,0.95491178409656,FALSE
-3.49576345699622,11.7625760621179,0.557662492049763,-0.28180120233623,FALSE
1.11695050149657,-0.450712563153674,12.7655702430537,0.0664302954885056,FALSE
0.885054956727887,-0.232223135504116,-0.397133690752859,0.662532576339752,FALSE
-9.23571509283853,-2.94413698044263,-3.16642207164665,0.397423091847804,FALSE
0.7197399325021,0.238480586500407,-2.40933881978255,1.05275882301289,FALSE
-0.464872424048091,-4.35955370593918,-0.00744355316298765,1.01163333022271,FALSE
7.12685397884635,1.41471676755066,1.36716823909452,-5.55724604203727,FALSE
0.848621864238462,32.3733431748268,-0.223729826040433,1.42383079264258,FALSE
2.47271267128062,-3.20116338010211,-2.73062766803193,0.893814047441318,FALSE
0.447166293835501,1.19538802093029,0.336358786153272,-0.84439816043391,FALSE
